name,age,income,mobile,gender
Daniel Viswanathan,38.0,409956.78,+917066091571,Female
Azaan Dhar,37.0,2593992.53,+916619986018,Female
Yachana Sagar,70.0,2377048.15,+919078580665,Female
Yug Khosla,34.0,1202890.28,+916183860832,Other
Chaitaly Setty,62.0,1513813.84,+916782878018,Male
Prisha Andra,23.0,2482506.87,+919226113732,Male
Vrishti Dixit,60.0,498359.16,+917518692176,Other
Dipta Ghose,39.0,1996714.26,+918908291293,Male
Kritika Brar,40.0,747095.04,+917146660997,Other
Brinda Bali,30.0,1576360.52,+919725874491,Other
Turvi Sachdev,68.0,1828230.83,+916067779246,Male
Vasudha Chhabra,59.0,364756.83,+919319357265,Other
Ekantika Mander,34.0,2519771.64,+916866179751,Female
Qushi Gole,67.0,310865.5,+918164216179,Female
Fitan Samra,20.0,1296456.25,+917006479526,Other
Netra Varkey,25.0,2034014.28,+916110724913,Male
Radhika Dugar,31.0,2797403.46,+919243839315,Other
Nilima Gole,55.0,2230526.07,+917509834067,Female
Siddharth Gupta,47.0,1199579.84,+918118967967,Male
Isaiah Khosla,59.0,2063701.96,+917463957634,Female
Laksh Dubey,68.0,2206743.48,+917236045959,Male
Chandresh Wali,42.0,1341981.45,+916592135522,Other
Aditya Misra,20.0,2316011.77,+917895655026,Other
Chandresh Manda,26.0,916419.05,+917152798401,Female
Joshua Barman,63.0,2134609.61,+918123333781,Female
Devansh Soni,25.0,2534560.0,+918146750150,Other
Advik Devan,26.0,543813.02,+918587822801,Other
Tanveer Vala,,1482106.64,+918369305560,Male
Yatin Baral,35.0,603713.85,+919011966884,Male
Diya Bora,52.0,1093777.12,+916118543408,Male
Frado Lad,66.0,2807254.12,+918357297588,Female
Kabir Soman,,2431688.66,+916469306919,Male
Devika Rastogi,53.0,429039.88,+918800940984,Other
Lila Rege,57.0,2357627.47,+917632905061,Male
Bhavya Rattan,31.0,2467201.0,+917000721711,Female
Girik Sampath,69.0,2125942.93,+918620258967,Female
Falan Jain,22.0,2278638.85,+916660370908,Male
Ikbal Dugal,39.0,257976.0,+916314597900,Male
Manthan Modi,36.0,212527.85,+919564984187,Other
Azad Choudhary,47.0,2351175.36,+918527974623,Other
Indira Kanda,50.0,1034662.37,+917940955281,Male
Nirja Rout,58.0,809585.17,+919037270171,Male
Adweta Raj,56.0,2170176.94,+916363865392,Female
Udyati Mohanty,49.0,1082774.45,+916010621799,Other
Bhavya Rattan,31.0,2467201.0,+917000721711,Female
Madhavi Lanka,53.0,177558.64,+916323169889,Other
Om Shankar,30.0,1126609.17,+918445569788,Female
Diya Dora,43.0,295799.41,+918412985084,Male
Urvashi Ray,,491676.85,+919823754905,Other
Ranveer Yadav,40.0,2660462.9,+919776436931,Male
Krishna Bhatnagar,29.0,2341570.38,+919289204852,Other
Ishwar Mallick,20.0,509755.57,+917013592436,Other
Shivani Lad,33.0,1022687.19,+918497762234,Female
Jhalak Dugar,51.0,453440.83,+917635825546,Male
Dev Choudhry,65.0,2968188.19,+917604706474,Female
Kamala Biswas,30.0,1627552.27,+918674192109,Female
Charvi Jha,49.0,2273931.05,+916076317824,Male
Gaurangi Mitter,,1756849.21,+917305280521,Other
Anusha Bath,68.0,663162.13,+916751917162,Male
Gabriel Chaudhry,70.0,1741281.07,+918632445649,Male
Orinder Sinha,39.0,1162146.09,+918721554031,Female
Wahab Yogi,39.0,1852152.36,+916662510569,Male
Rohan Shankar,24.0,223346.72,+916733718685,Other
Sachi Panchal,55.0,1934080.44,+917834812535,Other
Janya Baral,59.0,2109723.88,+919833944737,Male
Dev Chaudry,56.0,2432464.7,+916961084962,Female
Viraj Ben,29.0,1537010.11,+918308026394,Other
Logan Sami,28.0,1398826.03,+918333103372,Other
Aarav Pandit,23.0,1647693.97,+918268486276,Other
Gopal Pradhan,45.0,1866991.9,+919531928910,Male
Mason Wable,33.0,327054.35,+916507771858,Female
Darsh Gill,70.0,2204181.73,+916717100421,Female
Aradhana Date,69.0,1299666.19,+916981049082,Male
Pavani Narayanan,22.0,1488048.21,+917138264176,Female
Leela Bali,46.0,2564330.15,+916397129827,Other
Hema Pandya,65.0,845151.9,+916749270915,Other
Hemangini Thakkar,32.0,2690597.0,+918532315957,Other
Abhiram Gala,60.0,2638459.16,+918229516148,Other
Lipika Setty,62.0,2347628.77,+919474816314,Male
Yash Chadha,56.0,1877558.21,+917382308441,Other
Lopa Zachariah,69.0,2556209.65,+917389803385,Male
William Lanka,60.0,700419.9,+917409874348,Female
Tanish Bhatt,37.0,190322.85,+918294092753,Male
Girindra Shere,23.0,1018369.78,+919213909354,Other
Charan Hayer,39.0,1404635.33,+917849482575,Other
Ganga Murthy,44.0,868973.87,+916351784589,Female
Bakhshi Date,53.0,1326130.84,+917788887661,Other
Harish Hari,24.0,1414483.87,+918980712298,Female
Aarav Pandit,23.0,1647693.97,+918268486276,Other
Anamika Kanda,55.0,1288291.44,+916941975480,Male
Urmi Dewan,48.0,1072264.76,+917065354117,Male
Azaan Chand,67.0,891825.85,+917916728422,Male
Bhavani Chacko,20.0,2991939.64,+917705078697,Female
Yochana Sagar,48.0,351860.67,+917645272822,Male
Maanas Munshi,21.0,428404.49,+916997050893,Male
Amol Parikh,47.0,526041.37,+917784234958,Female
Wriddhish Ghose,41.0,406880.12,+917267489756,Female
Jackson Jha,18.0,758250.35,+916334744286,Male
Ayushman Mand,66.0,1615289.54,+917916502228,Male
Urvi Lanka,66.0,1095050.6,+919419786374,Female
Yug Ramaswamy,25.0,1194785.64,+918794049663,Male
Aarush Kamdar,61.0,557131.24,+918278515709,Other
Atharv Grewal,66.0,1514924.5,+917041929790,Other
Gavin Batta,28.0,1687230.24,+919344175247,Other
Abeer Golla,35.0,861393.21,+916487258103,Male
Oni Dubey,20.0,1320947.04,+918904956613,Other
Sachi Ganesan,37.0,279439.48,+917697643337,Other
Chakradev Kannan,38.0,1432427.31,+918921045865,Other
Jagdish Thakkar,34.0,1918600.83,+919354046875,Female
Tamanna Vaidya,60.0,2173852.35,+918895853722,Other
Ijaya Chahal,42.0,163307.04,+918292578829,Male
Gayathri Balakrishnan,26.0,2612476.76,+917186473561,Female
Ladli Purohit,38.0,1851781.61,+916125857393,Female
Patrick Vig,53.0,188972.22,+917752306681,Male
Waida D’Alia,52.0,2530091.51,+919795386003,Other
Dipta Goel,23.0,2054202.35,+919471107346,Other
Girik Khalsa,31.0,2195194.73,+916874443787,Other
Aryan Batra,41.0,1961417.55,+919559270786,Female
Harshil Munshi,25.0,2679642.69,+917892740043,Male
Falan Jain,22.0,2278638.85,+916660370908,Male
Wazir Naik,27.0,1714092.1,+919123449625,Other
Praneel Chhabra,29.0,933698.04,+917915604499,Male
Tanish Jha,67.0,2094269.23,+918036231979,Male
Mitali Majumdar,34.0,298712.44,+918064121137,Female
Caleb Verma,29.0,2043458.21,+916367709135,Other
Chasmum Subramanian,38.0,2890187.19,+918521300895,Male
Gagan Sami,45.0,234922.08,+916939042955,Male
William Maharaj,62.0,1443174.0,+917316935719,Female
Yashasvi Shankar,67.0,391393.62,+919870349834,Other
Jalsa Nadig,57.0,1859860.78,+919078022953,Other
Bhavika Sampath,52.0,252680.19,+917585770584,Other
Yasti Rama,26.0,2205657.11,+918814924004,Female
Jeremiah Nadig,,1213621.97,+918653582116,Other
Shravya Bera,53.0,666237.19,+916419201975,Female
Chanchal Sheth,,2811684.54,+916566862173,Female
Vivaan Walla,32.0,1968142.03,+916225447588,Male
Niharika Sunder,34.0,1590415.82,+917078557553,Male
Advay Lal,46.0,365221.38,+919412775111,Male
Ikbal Gala,35.0,1199802.99,+917993803105,Other
Lipika Madan,26.0,1474398.26,+918192202822,Male
Amara Dutta,65.0,2605260.49,+917933034905,Female
Lavanya Barad,58.0,940337.36,+919340087993,Other
Nidhi Sethi,18.0,1782248.0,+917692568000,Other
Ethan Bera,42.0,1779979.67,+918468798461,Female
Radha Chaudhari,36.0,2082920.99,+918547492192,Female
Indali Divan,66.0,604125.87,+918210726347,Female
Lakshmi Parmer,66.0,1756646.13,+918488796494,Female
Jagat Dave,62.0,1953772.02,+918473382684,Male
Chameli Mani,19.0,2251556.85,+919792874364,Male
Sachi Bose,20.0,2639818.31,+916808155185,Other
Pushti Ramachandran,35.0,2007023.9,+918204526134,Male
Irya Ray,53.0,860215.1,+919643576871,Male
Harish Devan,38.0,2549657.86,+918660345628,Male
Nimrat Dubey,23.0,2276418.52,+916923988689,Female
Baghyawati Raja,30.0,2304346.52,+917233708056,Female
Reva Viswanathan,68.0,2920362.06,+918484528348,Other
Nidra Sharaf,69.0,1699421.55,+916083880626,Female
Mitali Kamdar,24.0,1608016.64,+918652992543,Male
Gaurangi Sabharwal,45.0,2517122.13,+918353092123,Female
Charvi Dara,62.0,484634.88,+919934750046,Female
Faqid Kibe,53.0,254586.82,+916378213925,Female
Chandani Gaba,57.0,724173.49,+916560448350,Female
Urmi Wagle,54.0,2029327.92,+916627920145,Other
Nathaniel Tara,46.0,1737407.34,+918200916676,Female
Yutika Narang,63.0,984008.89,+918459880594,Female
Eesha Solanki,69.0,1372970.37,+918409329326,Other
Gautam Merchant,38.0,1874266.63,+918153356179,Male
Ekiya Suresh,22.0,1615344.94,+917196050747,Other
Anika Magar,55.0,391543.11,+916575301286,Female
Dhriti Sachdev,50.0,530514.47,+919521713809,Female
Maanas Rao,32.0,206794.77,+918052947074,Male
Inaya Mody,35.0,1107165.48,+919835521053,Other
Avi Ramesh,31.0,1932717.84,+917136646449,Other
Tanay Toor,45.0,1135208.27,+919377683299,Female
Manbir Ahluwalia,23.0,944945.51,+917936179853,Male
Veda Malhotra,65.0,407581.09,+916422809996,Other
Megha Atwal,39.0,382280.66,+918850192297,Male
Ekavir Bhargava,68.0,1733939.72,+919085540042,Female
Tanmayi Aurora,43.0,348318.45,+919182437887,Other
Anya Gulati,22.0,897228.04,+916171055058,Male
Ijaya Muni,44.0,1874190.53,+916383484123,Male
Vihaan Rajagopal,24.0,2522990.84,+917272368870,Male
Viraj Dutta,40.0,265196.5,+919270498955,Female
Unni Bhagat,38.0,830254.96,+917699887270,Male
Idika Bhattacharyya,55.0,2202034.02,+917267841227,Male
Chakrika Bains,54.0,1982526.72,+918682300615,Female
Kashvi Bhasin,23.0,1809622.83,+917111626210,Male
Saumya Ahluwalia,33.0,1423196.24,+917146731886,Female
Widisha Dhar,36.0,478244.11,+916089578218,Female
Ayush Gole,46.0,2854147.06,+917597785308,Female
Kevin Solanki,50.0,2576326.25,+916294296873,Other
Aahana Pillay,35.0,667244.07,+918513971584,Female
Chasmum Issac,34.0,712224.64,+918587283948,Male
Diya Rattan,28.0,2407426.19,+917813163240,Other
Nilima Narain,67.0,2878263.97,+916172907376,Male
Zaid Bahl,55.0,756367.96,+916157437641,Other
Isha Kadakia,38.0,755985.65,+918144181937,Female
Charvi Kakar,26.0,1382962.12,+919911479401,Male
Hardik Suri,46.0,1890196.95,+919231495430,Other
Gavin Uppal,51.0,2087950.77,+916039887139,Male
Farhan Raja,54.0,1373460.22,+917736983049,Other
Charvi Ravi,34.0,2335659.58,+916720648887,Other
Chakradev Barad,26.0,591593.74,+917270417388,Male
Rachit Sankar,44.0,1555283.68,+917626558140,Female
Janaki Handa,59.0,353497.15,+918727210979,Male
Qushi Deshpande,46.0,277158.24,+917888670721,Female
Chandani Soman,52.0,1842386.84,+919927323476,Male
Udant Bajwa,27.0,1241650.58,+916656293602,Other
Chakradev Barad,31.0,1399596.62,+917251258015,Other
Kevin Kara,69.0,625319.38,+916569132884,Other
Umang Issac,,186058.63,+917804138557,Female
Laksh Saini,58.0,238903.56,+918499200634,Other
Ijaya Soni,70.0,310186.59,+919399425369,Male
Ojasvi Bhatia,66.0,1549004.28,+919748302739,Male
Ekalinga Mital,19.0,645151.46,+919758871860,Male
Panini Krishna,70.0,1989512.48,+916634323009,Male
Jatin Sha,37.0,2907935.05,+918999948589,Other
Indali Sangha,61.0,161752.93,+919150801944,Male
Chavvi Maharaj,35.0,2502137.26,+918676802207,Other
Jacob Khalsa,18.0,2692218.22,+919250636259,Other
Dalaja Kaur,35.0,2653655.28,+916399222877,Female
Maanas Manne,66.0,855276.47,+919241581669,Other
Janya Gaba,43.0,913061.5,+916906164396,Other
Yash Wali,53.0,2525059.48,+919462603446,Female
Meera Prakash,35.0,2477009.37,+917687643539,Female
Jeet Vasa,69.0,2828178.95,+916769945233,Male
Yashica Rajagopalan,50.0,548375.81,+918633107545,Female
Yatan Merchant,24.0,650944.96,+918605446007,Male
Azaan Dhar,37.0,2593992.53,+916619986018,Female
Robert Rajagopalan,39.0,2015138.74,+916954571559,Female
Ishaan Iyengar,43.0,2722915.02,+919067919621,Male
Jyoti Narula,33.0,2024164.69,+917524751277,Male
Ekani Chauhan,64.0,1791914.46,+918480235438,Other
Dipta Sarin,42.0,1107969.2,+918916892179,Female
Ladli Karpe,54.0,1349461.07,+918346582107,Other
Samar Lalla,29.0,1904217.51,+917292569882,Female
Zayan Kashyap,52.0,1233026.78,+917360049298,Other
Darpan Rao,57.0,708376.18,+916518599264,Female
Lila Prakash,49.0,409183.69,+918192045446,Female
Damyanti Mani,32.0,1493709.07,+918660933507,Other
Avni Ramaswamy,48.0,1782235.73,+917012074766,Female
Chanakya Konda,50.0,2774635.85,+919470591645,Male
Aryan Narang,65.0,2991917.72,+919918934263,Other
Tara Dhar,39.0,467923.69,+917867302554,Male
Raksha Varughese,23.0,2790145.9,+919645120421,Male
Om Naik,36.0,1449389.99,+918234621711,Other
Mitesh Sampath,64.0,2755395.72,+916287814151,Male
Isha Ghose,20.0,2944680.88,+917391874847,Male
Neelima Sarna,43.0,1821345.91,+919278022672,Other
Jacob Merchant,45.0,2500815.8,+918124784519,Female
Sudiksha Madan,43.0,2002034.46,+919658304095,Female
Balveer Kota,58.0,225944.39,+918038349447,Female
David Devi,48.0,428225.64,+919100940360,Other
Vinaya Kanda,33.0,1740508.15,+917787453807,Other
Rayaan Mangal,18.0,2305111.33,+917281459294,Female
Siddharth Zacharia,33.0,2642284.97,+916323775634,Female
Tamanna Jhaveri,70.0,1310435.53,+918080741273,Other
Karan Aurora,57.0,164965.92,+916340272119,Male
Girik Menon,49.0,2899749.65,+916542223599,Other
Garima Chandran,,1161193.21,+919604432125,Male
Omisha Mann,49.0,2683641.11,+918343237444,Female
Kai Chad,38.0,2876553.65,+917974239820,Other
Rudra Rattan,30.0,476674.25,+918881828165,Other
Nakul Ray,18.0,1531135.42,+916838070464,Female
Amrita Naidu,49.0,2808061.22,+917253535854,Other
Michael Dutta,56.0,1073844.76,+916083651970,Male
Yashvi Hari,28.0,2468411.86,+918481146933,Other
Pranit Kala,37.0,2347846.67,+919027526473,Male
Ishwar Gade,49.0,2911807.42,+918018679284,Female
Barkha Mukhopadhyay,36.0,1429122.53,+918931997465,Male
Nakul Sarma,52.0,2107542.87,+919186651306,Other
Tejas Tiwari,70.0,1291658.16,+918947572742,Other
Neelima Butala,44.0,282526.03,+918719747078,Other
Balhaar Memon,59.0,2896780.32,+917608297407,Female
Shravya Savant,32.0,1880135.24,+917513206988,Male
Jeet Pillai,40.0,592095.91,+916809517372,Other
Gayathri Deep,69.0,567456.95,+916180674181,Female
Kiaan Shetty,30.0,837864.74,+917745595491,Female
Yuvraj Dani,18.0,1762897.7,+918945486396,Other
Faqid Dhaliwal,22.0,1089618.65,+918396433758,Other
Logan Suresh,37.0,2505202.06,+918993068140,Other
Eiravati Nagi,57.0,1885172.35,+917328390707,Other
Quincy Biswas,19.0,661177.89,+919970642689,Female
Ikbal Kothari,55.0,2311375.56,+916430372878,Male
Charvi Dara,62.0,484634.88,+919934750046,Female
Bachittar Kata,34.0,2755039.52,+918069520666,Female
Elijah Bhasin,54.0,835345.75,+919584796846,Female
Pushti Magar,29.0,1586096.3,+918982047218,Other
Hritik Palla,19.0,556921.48,+918609505739,Other
Brijesh Pandit,40.0,2833521.27,+918883394191,Female
Daksha Gala,51.0,574357.83,+916824341906,Other
Atharv Chand,62.0,2846026.14,+917800135697,Other
Logan Grover,60.0,1171716.83,+917289326948,Male
Zaid Dara,56.0,2148373.69,+917186564497,Other
Warinder Bhatia,65.0,942943.21,+919768049371,Female
Triya Kumar,57.0,1461276.17,+918961852565,Female
Raksha Buch,20.0,1017439.07,+918115806625,Male
Ayush Hora,54.0,2592766.88,+918780475472,Male
Nirja Pandya,46.0,1867471.64,+917830154607,Male
Arya Shere,69.0,2013832.51,+916033599984,Other
Rajeshri Khare,29.0,2231909.79,+916551395583,Male
Noah Sarma,48.0,759862.4,+919556025499,Other
Tanveer Pandit,33.0,1780087.23,+916728353118,Other
Girik Rau,44.0,1416295.72,+916530836767,Other
Udarsh Bala,54.0,2072043.25,+916829621429,Male
Geetika Raghavan,30.0,1361646.05,+918338877621,Male
Libni Doshi,59.0,1736708.3,+918615613239,Other
Nikita Narayanan,21.0,1727073.06,+918995384868,Male
Jai Sami,54.0,2083420.44,+916778508164,Other
Girik Nair,20.0,990489.55,+917368878709,Female
Krisha Narasimhan,40.0,2076225.44,+919726547274,Other
Victor Kannan,68.0,1446773.85,+917816803306,Other
Tanmayi Dhillon,32.0,1329368.68,+919553738511,Female
Teerth Bhardwaj,68.0,2920759.36,+916171347175,Female
Mekhala Brar,30.0,1981559.7,+919423939099,Other
Leena Dey,55.0,2356944.52,+919635607734,Other
Theodore Devi,58.0,1596839.21,+916854316681,Male
Krish Munshi,35.0,894268.69,+919054124492,Other
Ekansh Singh,36.0,359565.49,+918165761020,Female
Wridesh Jhaveri,44.0,1357189.42,+917727768349,Male
Saanvi Samra,68.0,1180252.72,+916963110410,Male
Varenya Kala,70.0,2069728.26,+919438608304,Female
Nidra Thakkar,,2572802.78,+919417410681,Other
Tripti Babu,60.0,2734608.13,+919587294825,Other
Chandran Bumb,28.0,2178655.95,+919982828212,Other
Urvashi Kulkarni,52.0,1270217.1,+916546951552,Other
Laksh Barad,23.0,1292374.75,+916409675904,Male
Manthan Lata,52.0,1446140.18,+918889775885,Other
Ayush Batra,,2844173.65,+919295741120,Male
Gauri Bumb,65.0,2223095.98,+919031281545,Male
Qushi Gill,34.0,709460.47,+918365845882,Female
Yuvraj Saha,21.0,2790481.71,+917664534549,Female
Zashil Ben,52.0,2255256.59,+919652152841,Male
Ikshita Mahal,66.0,2155715.27,+919418828570,Male
Kavya Sankar,29.0,518179.25,+918287423767,Other
Ekavir Wable,70.0,785316.63,+917951890759,Female
Ganga Sandhu,46.0,656113.53,+919738686447,Female
Christopher Amble,67.0,1721214.81,+918524521602,Male
Indira Misra,43.0,1551477.7,+918478286982,Other
Vrinda Swaminathan,40.0,2899208.96,+916891790792,Female
Chandresh Mannan,63.0,2384087.3,+916662614186,Other
Hemang Jha,66.0,1912099.71,+918039496086,Other
Ekavir Varkey,21.0,2281730.35,+916245522987,Male
Ucchal Jani,62.0,2213866.17,+918150888898,Other
Teerth Sawhney,30.0,1198346.73,+918449932632,Female
Logan Grover,60.0,1171716.83,+917289326948,Male
Amara Narayan,27.0,1795662.76,+917154131362,Other
Samar Roy,39.0,1447698.01,+916888488384,Other
Saanvi Thaman,33.0,2118236.62,+918774131811,Other
Indira Tripathi,26.0,2928986.02,+917691803583,Female
Anusha Chander,20.0,2578908.75,+917547110201,Other
Tanish Mangal,34.0,1174987.16,+919791648448,Female
Frederick Chander,51.0,910153.98,+916354813720,Other
Faras Choudhury,35.0,416018.96,+917548058189,Female
Krish Rama,29.0,2803806.22,+919682870880,Male
Nihal Shere,53.0,1686085.28,+919208399878,Other
George Wason,54.0,1212503.28,+918156249415,Other
Ikbal Gala,35.0,1199802.99,+917993803105,Other
Oni Kapur,68.0,2420975.9,+918989849148,Female
Riya Sachdeva,68.0,545799.09,+919394626443,Female
Meghana Natarajan,48.0,1543925.91,+918839145425,Female
Sachi Mane,55.0,831953.89,+916218035843,Other
Christopher Setty,70.0,493692.29,+919695133408,Female
Kai Chadha,21.0,1643241.58,+919603771733,Male
Ati Bali,32.0,1671931.78,+917329154472,Female
Triya Bedi,38.0,1534704.51,+917410235649,Other
Ekantika Mander,34.0,2519771.64,+916866179751,Female
Guneet Sarkar,39.0,1010030.69,+916586055431,Male
Yashica Cherian,51.0,1436735.5,+917064746525,Male
Lajita Mall,67.0,2361599.75,+916983753977,Male
Lekha Gupta,47.0,2770693.62,+918672573305,Other
Harinakshi Grover,19.0,835898.94,+916289012242,Male
Mohammed Gupta,45.0,513219.73,+917323959527,Female
Neel Iyengar,21.0,2737620.33,+916384230848,Other
Jasmit Dhawan,54.0,719430.14,+918343459102,Male
Irya Sampath,54.0,1639930.74,+917119980130,Male
Daksha Kibe,47.0,263830.68,+919988427908,Female
Tripti Dua,58.0,1885284.25,+917027774780,Other
Teerth Bhalla,22.0,1033983.06,+917878988236,Other
Veda Handa,53.0,1365152.74,+917984507492,Male
Henry Merchant,61.0,429919.56,+919731897202,Male
Yahvi Mann,33.0,315031.94,+916370281126,Female
Falak Divan,46.0,1237028.69,+919530988694,Other
Ijaya Pandey,56.0,1885792.8,+917281944343,Other
Wakeeta Desai,37.0,2643208.06,+916138428506,Female
Daksha Mangat,65.0,2197318.1,+919340590688,Male
Gavin Ahluwalia,39.0,1422895.31,+917139078760,Male
Ekani Iyer,35.0,1758102.78,+916649101302,Other
Nimrat Bajwa,38.0,1647375.94,+916789711774,Other
Kashvi Edwin,21.0,802484.08,+919888749350,Male
Rajata Sunder,57.0,793208.34,+918244431947,Female
Fariq Kaul,58.0,2111261.58,+916943239974,Other
Garima Sani,44.0,902789.4,+918812291645,Female
Qadim Prakash,69.0,2458582.58,+917735589535,Other
Charvi Dara,25.0,2915026.47,+917735918651,Other
Yasti Rama,26.0,2205657.11,+918814924004,Female
Oni Swamy,59.0,175090.53,+918873068834,Female
Jeremiah Mitter,23.0,1305043.15,+917619930972,Other
Inaya Kapur,46.0,504407.93,+918957849462,Female
Warjas Gaba,69.0,1474233.23,+918281194061,Other
Parth Singhal,57.0,1313130.27,+917201474778,Male
Hiral Andra,50.0,1335404.04,+918306551869,Female
Advik Manne,22.0,1124153.37,+919813635764,Female
Ekapad Walia,64.0,304387.88,+918806569935,Other
Lajita Dube,33.0,1138408.86,+917372322277,Male
Indrajit Mani,43.0,2105309.82,+919964710116,Other
Anamika Kanda,55.0,1288291.44,+916941975480,Male
Upasna Srinivas,60.0,176782.68,+919455872736,Female
Ria Sagar,52.0,1095430.04,+919245317068,Other
Darsh Rau,37.0,1453090.03,+919990103355,Male
Anika Brahmbhatt,61.0,1041063.85,+918371357111,Male
Vaishnavi Bora,45.0,651990.34,+918240885202,Other
Jai Kota,49.0,1521871.49,+919713645169,Female
Fitan Tata,60.0,837285.47,+918292179207,Other
Hemangini Lalla,,2957881.33,+919673561638,Male
Yuvraj Parekh,28.0,538687.16,+917679300279,Other
Dominic Kakar,,1657975.88,+918376087131,Male
Upkaar Mital,40.0,1517100.65,+919356238229,Female
Amrita Peri,29.0,1043230.1,+916249166485,Male
Noah Ben,26.0,1086683.35,+919841966874,Female
Nidhi Kohli,39.0,2628645.89,+919754619063,Female
Rachita Thakkar,36.0,198856.4,+919492483651,Other
Bahadurjit Patla,65.0,2703248.78,+917931591531,Other
Rachita Rana,62.0,1814884.31,+918429027360,Other
Jagrati Srinivasan,52.0,1495496.26,+919329446784,Male
Balhaar Parsa,44.0,470678.7,+916642708893,Male
Aarav Puri,32.0,2040503.26,+917421919938,Female
Aarini Grewal,63.0,1889246.14,+917838963536,Male
Mekhala Pau,34.0,2212640.92,+918819921250,Other
Ekansh Balay,36.0,770447.56,+916251183830,Other
Aishani Pau,56.0,1907506.06,+917966500767,Male
Hemani Khosla,53.0,1467778.17,+919465675062,Female
Nakul Sastry,27.0,2855921.14,+919348039631,Other
Jagvi Varghese,33.0,1346475.15,+916257247382,Male
Yauvani Reddy,24.0,2512099.89,+919387569514,Other
Daksh Kanda,68.0,1179566.39,+918017235435,Female
Jyoti Solanki,47.0,2208964.91,+917760844750,Other
Girish Tiwari,41.0,1615780.83,+918185002745,Female
Yashodhara Mahajan,24.0,2410323.87,+916491404673,Other
Darika Sheth,64.0,2304487.7,+918515167269,Male
Leela Keer,63.0,1067975.63,+917063239503,Other
Oeshi Hayer,69.0,2770910.32,+919327059683,Female
Yasti Solanki,62.0,440418.72,+919317780148,Female
Azad Chander,54.0,1581820.78,+917668084889,Female
Ekani Mangal,63.0,2543691.64,+918098948446,Male
Chavvi Khurana,70.0,1937594.7,+919582467100,Other
Anvi Anand,58.0,1050995.85,+917888766939,Male
Quincy Sankaran,62.0,407616.98,+916117898946,Female
Quincy Rai,62.0,2853789.76,+917681915310,Other
Fitan Loyal,24.0,2819560.21,+916604058666,Female
Amrita Tailor,24.0,1093619.55,+916815976168,Female
Ojasvi Gill,46.0,444980.35,+919861720326,Female
Qasim Handa,33.0,1948808.9,+919955360367,Female
Yashica Issac,19.0,1827054.33,+916030884438,Male
Adweta Lad,36.0,1234885.97,+918292009846,Other
Nitara Bakshi,66.0,2690563.89,+918631321682,Other
Bishakha Lal,58.0,336594.69,+918879067453,Other
Ucchal Sen,34.0,2223397.98,+919280739820,Female
Shravya Bera,53.0,666237.19,+916419201975,Female
Hritik Kaur,59.0,2406236.58,+919492602049,Male
Darpan Narayan,38.0,442404.04,+917408405265,Other
Anvi Nair,,2468500.27,+916752002052,Other
Wahab Raval,44.0,2436370.15,+919711126727,Other
Chaitanya Sarin,43.0,389250.27,+917840877826,Male
Ekta Gopal,68.0,1597052.38,+919524233168,Male
Anay Thakkar,42.0,2097156.81,+916742201314,Female
Harish Sarraf,39.0,1150416.75,+916779130936,Male
Vedika Handa,49.0,1053566.12,+917498098234,Other
Jyoti Tak,67.0,2807288.32,+918644019132,Other
Krish Lalla,60.0,2566843.55,+919091320992,Female
Anthony Randhawa,67.0,2468098.58,+919755937285,Male
Veda Pai,45.0,2624062.62,+919096932037,Male
Ayushman Chander,19.0,1749548.43,+919075280817,Other
Ojas Suri,63.0,783735.1,+918296240256,Other
Udant Bajwa,27.0,1241650.58,+916656293602,Other
Aadhya Andra,24.0,1391678.1,+917719918855,Other
Gautami Mane,45.0,441886.85,+919565126577,Other
Daksh Andra,,2335500.18,+916999705716,Male
Vrinda Nadig,45.0,1258181.97,+919026816435,Male
Devika Nair,23.0,2459962.67,+919631485960,Female
Kiaan Dhar,65.0,1793449.67,+918426709025,Male
William Mody,27.0,1624286.72,+917032089545,Male
Vrishti Wable,37.0,2080009.05,+919540388030,Other
Omkaar Rai,57.0,2695694.59,+919025824435,Male
Ansh Luthra,27.0,2673429.28,+918812868150,Male
Libni Bumb,63.0,680667.35,+919163749761,Female
Lajita Divan,55.0,2109843.57,+916949324089,Female
Raksha Manne,66.0,1429763.25,+916717967293,Male
Jason Loke,55.0,2032914.94,+916368053428,Other
Raghav Vasa,26.0,2263896.46,+918259520140,Male
Warda Ratta,70.0,2233424.71,+917152750071,Female
Siddharth Sha,,2395309.88,+918684603688,Other
Chakrika Koshy,,2774958.92,+918625862062,Male
Kashvi Sagar,20.0,433788.01,+919366780879,Female
Saumya Purohit,56.0,1860022.42,+918609592494,Female
Harinakshi Kant,33.0,1479446.82,+917148782098,Female
Orinder Pandya,68.0,781348.26,+919177486462,Other
Vanya Bobal,40.0,1892371.49,+919704734739,Other
Kevin Mittal,36.0,902756.31,+916215092803,Male
Aradhana Verma,51.0,1129708.57,+919203768294,Other
Dipta Bhandari,33.0,2050760.22,+917519038154,Other
Faras Choudhury,35.0,416018.96,+917548058189,Female
Faqid Oak,45.0,2406751.2,+918092508149,Other
Eta Balan,63.0,2910917.25,+918978819212,Other
Faras Mangal,64.0,698865.24,+916513483708,Other
Zayyan Sridhar,55.0,1002589.61,+917822393017,Other
Farhan Chada,24.0,2028100.84,+917521696479,Female
Nidhi Bail,37.0,1526392.73,+919456109296,Other
Tristan Iyengar,33.0,932602.72,+916332788471,Other
Parth Ravi,52.0,951092.3,+918313993297,Male
Jeet Sidhu,57.0,780896.52,+916271515109,Other
Jagrati Morar,65.0,2222562.86,+916446457642,Male
Balveer More,50.0,1245775.06,+918492495810,Other
Siddharth Talwar,68.0,452851.57,+916853180912,Other
Anjali Sengupta,65.0,2892074.43,+919977310212,Female
Lajita Sood,34.0,2832031.25,+918051831252,Male
Riya Sathe,42.0,1280465.16,+919070964768,Male
Dalbir Shere,24.0,444124.37,+917578665411,Female
Aarnav Mandal,26.0,1735656.6,+918518848328,Other
Anirudh Kunda,64.0,1782700.44,+917123362233,Other
Arya Misra,58.0,675687.56,+918750835809,Other
Urmi Balay,31.0,397060.9,+916431494396,Male
Manbir Bhatti,55.0,2245282.91,+917428156550,Male
Advay Contractor,52.0,2332628.12,+916551437149,Other
Priya Rastogi,50.0,2750989.34,+919738848790,Other
Triya Gopal,62.0,1842361.91,+917250949136,Male
Yuvraj Ahuja,59.0,511631.28,+919719780110,Male
Januja Sankar,38.0,1111876.56,+919778024983,Female
Gopal Pradhan,45.0,1866991.9,+919531928910,Male
Dipta Ray,44.0,1255892.92,+918706762540,Female
Arunima Golla,31.0,1413641.8,+917014096062,Female
Nandini Chandran,50.0,2958641.66,+918917568337,Male
Zashil Devan,36.0,1987299.44,+919673457063,Male
Bhanumati Sur,51.0,1320766.09,+917758503592,Other
Advika Jayaraman,47.0,1146526.51,+919524176919,Male
Timothy Dhingra,54.0,1389701.2,+916561387824,Male
Nathan Mukhopadhyay,24.0,1547266.23,+919907135299,Female
Kala Divan,48.0,1447936.08,+919805929053,Other
Ishita Johal,19.0,1260080.32,+916508119378,Other
Jalsa Pillay,52.0,1541701.52,+919938052866,Other
Zilmil Mander,,1760256.22,+918994607170,Male
Simon Tata,25.0,2092874.55,+918306270004,Female
Odika Mital,18.0,616923.0,+917489087190,Other
Mekhala Khatri,44.0,814043.56,+917487878460,Other
Tara Parmar,57.0,1876057.86,+916589112843,Female
Hredhaan Dugal,60.0,1313919.79,+917728296502,Other
Faqid Dixit,32.0,2448704.25,+916632880459,Male
Jacob Balan,61.0,528114.43,+919051129498,Other
Lopa Nayar,46.0,997456.43,+918527696207,Female
Vanya Dua,49.0,2396665.41,+919840365022,Other
Arin Chana,38.0,2611596.81,+916053002550,Female
Forum Sabharwal,68.0,1759047.23,+916294678352,Other
Falan Bava,21.0,2079972.62,+917117407868,Male
Zinal Yohannan,29.0,293311.21,+917628238707,Female
Daksh Karnik,23.0,2303979.15,+919698408854,Male
Sanya Wable,26.0,2664121.13,+917296502486,Male
Lipika Chad,22.0,1709081.84,+919857413933,Male
Sachi Bose,20.0,2639818.31,+916808155185,Other
Advay Lal,46.0,365221.38,+919412775111,Male
Daniel Panchal,37.0,626007.53,+919538382315,Male
Mohini Sagar,30.0,965416.05,+919702856787,Male
Mitesh Gaba,23.0,1137136.02,+917899990924,Other
Harini Tripathi,23.0,1380848.08,+919197985262,Other
Zaitra Ghosh,25.0,2091346.93,+917039116218,Female
Vasudha Sodhi,67.0,1721305.4,+919717261214,Male
Daksh Memon,36.0,1085148.71,+916033199694,Female
Hamsini Contractor,39.0,2084858.5,+916224908174,Other
Manthan Khosla,57.0,1994743.44,+918142723159,Female
Pushti Mody,57.0,864286.38,+919245179885,Other
Yashasvi Jain,60.0,297593.73,+918686949912,Female
Nisha Savant,40.0,2041575.34,+918754811152,Female
Keya Seth,21.0,2012667.71,+916084790270,Male
Tanay Rattan,,275647.27,+917432614422,Male
Ishwar Gade,49.0,2911807.42,+918018679284,Female
Gaurav Kata,19.0,982456.24,+917180484299,Male
Jason Sha,24.0,2177492.78,+918215813941,Male
Noah Sibal,57.0,321656.37,+919178659381,Male
Chanakya Batra,62.0,2809404.38,+917419931729,Male
Hardik Nayak,58.0,2706571.87,+919551894263,Female
Liam Jhaveri,40.0,1039462.94,+916441128454,Female
Anjali Hans,70.0,397901.57,+919716394243,Male
Unnati Chaudhari,23.0,275115.76,+916994167107,Other
Pushti Murty,,836541.68,+917194675791,Male
Diya Mukherjee,26.0,2012572.18,+917493660313,Male
Quincy Sur,55.0,2167996.53,+918456903534,Male
Dev Shetty,,1599192.19,+916078299575,Female
Hritik Swaminathan,,872903.24,+916069759864,Female
Jatin Rajagopalan,,2577832.78,+919734111722,Male
Azad Saini,43.0,1593840.22,+918699690577,Other
Onveer Nazareth,45.0,1987985.64,+917422796478,Other
Logan Sood,66.0,2389219.49,+919946081594,Male
Warhi Batta,67.0,2639361.16,+919147935449,Male
Simon Pant,37.0,2536806.38,+918490751945,Other
Siya Thakur,45.0,154458.36,+917515333350,Male
Ikbal Saraf,32.0,1541454.01,+917172248246,Female
Harshil Dhingra,37.0,1567505.28,+916386757895,Female
Ekbal Garg,59.0,1457727.78,+917137651678,Male
Adweta Kale,70.0,2193039.92,+919099072719,Female
Zayan Koshy,36.0,2498107.33,+918684745185,Other
Jack Setty,44.0,2941577.17,+919933804513,Other
Tanveer Pandit,33.0,1780087.23,+916728353118,Other
Sachi Suresh,55.0,988045.7,+919655935832,Male
Qushi Seth,20.0,1049448.09,+917331765783,Other
Bhavna Sarma,60.0,1636135.96,+917967277638,Other
Warinder Patil,36.0,2367653.51,+918159967797,Other
Dayamai Singh,63.0,1496351.14,+918925697292,Male
Baghyawati Kade,26.0,696744.27,+918855850145,Female
Zayyan Pandya,48.0,323790.35,+917201628712,Female
Yochana Bawa,58.0,560615.28,+918908934292,Other
Chasmum Atwal,45.0,564873.92,+918281341978,Female
Girindra Chatterjee,56.0,263263.74,+916352116052,Female
Oni Yohannan,27.0,575213.12,+918417377633,Female
Pallavi Malhotra,56.0,2015911.03,+917997109065,Female
Orinder Mishra,22.0,1108408.41,+917187486518,Other
Alka Wable,52.0,1428548.61,+917811967841,Male
Yamini Seshadri,38.0,656266.22,+917710425977,Female
Upma Mangal,28.0,1388827.37,+917808620775,Female
Dev Ganesh,64.0,2787884.76,+918319821061,Female
Riya Pai,58.0,1662223.74,+916832810061,Female
Caleb Iyengar,42.0,1220589.77,+918932304514,Other
Harsh Kota,49.0,2387851.08,+919349011298,Male
Ekantika Kar,70.0,1160157.14,+919414225544,Female
Ethan Seth,41.0,1041827.75,+916196346343,Other
Abha Ghosh,18.0,1727543.94,+918384006407,Male
Sanaya Sandhu,51.0,779971.81,+917290641764,Female
Bhavini Bose,,2441302.69,+918230517007,Female
Inaya Kapur,46.0,504407.93,+918957849462,Female
Divya Babu,29.0,1547743.8,+916387652480,Male
Amol Varma,48.0,2308448.99,+919444542251,Other
Sanaya Dutt,68.0,199143.29,+917263732197,Male
Zarna Shetty,38.0,1539517.31,+917523961606,Female
Yagnesh Shetty,27.0,1243220.14,+919959393557,Other
Ayushman Raja,38.0,2882177.93,+916724301196,Male
Forum Chandra,46.0,1044023.58,+916650392310,Female
Farhan Vaidya,50.0,533712.64,+918142452709,Male
Vivaan Lalla,32.0,2601400.7,+919110487082,Other
Ekaraj Majumdar,41.0,2867738.68,+918949873860,Female
Indali Kala,57.0,421440.09,+918842036826,Other
Sanaya Prasad,39.0,2117964.2,+916211703120,Other
Logan Dara,40.0,753450.29,+919889642781,Other
Osha Raghavan,48.0,2057957.71,+918422230882,Male
Yashodhara Ratti,53.0,226710.91,+919123357626,Female
Ishwar Kamdar,66.0,2305366.17,+918020785643,Other
Jhalak Sastry,53.0,1309686.24,+919782352003,Female
Charita Puri,,308001.47,+919690922160,Other
Krishna Sabharwal,49.0,1173865.03,+916809283659,Male
Aadhya Prasad,43.0,2268426.96,+919842438768,Female
Mohammed Subramaniam,,1185436.72,+919440681022,Other
Dayita Shenoy,39.0,1739820.74,+917570267413,Male
Faris Zacharia,62.0,226449.56,+919638138040,Other
Ekanta Soni,50.0,1667168.52,+919044014286,Other
Gavin Chandran,29.0,474421.2,+917719061621,Female
Keya Ranganathan,62.0,1562086.71,+918845774616,Female
Christopher Tata,52.0,964894.74,+919639130492,Female
Maanav De,68.0,566240.52,+916164510971,Female
Chakradev Sampath,59.0,1404283.35,+919102821948,Male
Kalpit Sundaram,36.0,607064.76,+918354238065,Female
Nisha Arora,,499203.83,+917979958124,Male
Pavani Contractor,69.0,1738340.96,+916387847884,Female
Anika Batra,55.0,230388.72,+919008885753,Female
Hemani Rastogi,67.0,1899515.92,+918558119733,Female
Idika Walia,18.0,2024332.1,+918330421741,Female
Samar Loke,46.0,1585940.27,+918641863774,Male
Balhaar Ranganathan,49.0,1716719.63,+916486237535,Other
Nandini Biswas,52.0,2254582.59,+916843828285,Other
Nilima Dada,31.0,1123937.18,+919290615870,Female
Adweta Edwin,23.0,958791.25,+918851230518,Other
Omaja Morar,20.0,1755177.83,+918770387920,Other
Nandini Boase,49.0,1625574.03,+919923635189,Other
Reyansh Mutti,66.0,1540650.33,+918323646093,Male
Tripti Yadav,42.0,942224.77,+918730243887,Female
Arunima Dugal,69.0,273833.76,+917973214822,Other
Xiti Pal,22.0,1214733.72,+918843867732,Female
Harsh Deo,21.0,1249920.73,+919146426435,Female
Kashish Shanker,52.0,2213330.48,+916106110279,Other
Pranav Lanka,44.0,1683928.62,+919155229266,Other
Rajeshri Chand,18.0,1000417.8,+918588933132,Male
Oviya Krishnan,35.0,2505898.81,+916306702926,Male
Aadhya Mann,51.0,586094.08,+916707196784,Male
Ojas Basu,24.0,2389375.05,+919725777905,Other
Anvi Bhandari,38.0,2134478.96,+917753459822,Male
Varenya Ratti,50.0,1729333.06,+917676986013,Female
Alka Kade,62.0,2679529.78,+918042258186,Female
Madhavi Singhal,51.0,1409245.58,+918921845810,Male
Harshil D’Alia,21.0,910888.07,+919373835078,Male
Dayamai Rao,60.0,288266.02,+916027418321,Female
Ekavir Bhargava,68.0,1733939.72,+919085540042,Female
Charita Tripathi,52.0,2999737.31,+917503068227,Male
Maya Mistry,52.0,1593846.03,+919953054324,Other
Jyoti Sha,62.0,586412.23,+918985827033,Other
Lila Salvi,46.0,474966.57,+919261254352,Other
Balhaar Date,35.0,232516.57,+917173687378,Other
Arya Krish,18.0,753652.15,+916816145550,Other
Meera Borde,36.0,2710102.59,+916826834424,Female
Champak Narula,52.0,1358764.88,+917628980027,Male
Krishna Shah,56.0,1040479.36,+916444961037,Other
Kamya Date,31.0,1928877.63,+917248029429,Other
Barkha Rai,18.0,2860322.25,+916006279398,Other
Yachana Mahajan,46.0,2974310.16,+918250857309,Other
Geetika Merchant,68.0,738866.02,+916888812214,Male
Indira Chawla,45.0,932482.78,+919399371362,Male
Sachi Dave,,2861888.73,+917533897596,Male
Isaac Patil,52.0,527088.77,+919789806435,Other
Azaan Tank,,2713038.2,+918420256439,Other
Saumya Mall,35.0,593116.57,+919279182318,Female
Bimala Loke,45.0,2680726.02,+916574621243,Female
Mugdha Sarraf,20.0,2457012.82,+917800624665,Other
Harrison Bandi,52.0,1905734.11,+917191714875,Male
Urvashi Khosla,28.0,877080.83,+916441973220,Other
Vansha Thakkar,44.0,2925435.51,+919218981849,Male
Ayaan D’Alia,18.0,2836813.72,+917282531582,Female
Eiravati Manne,66.0,1830720.36,+918377702111,Male
Faris Devi,35.0,2215067.25,+919265068044,Other
Ethan Buch,40.0,837208.88,+918822241896,Other
Ganga Gaba,33.0,748152.78,+919168023631,Other
Ijaya Rege,35.0,2909389.6,+919642274789,Female
Vrinda Khosla,44.0,274394.8,+919198484273,Female
Gagan Mammen,58.0,367917.78,+916323840346,Male
Jyoti Solanki,47.0,2208964.91,+917760844750,Other
Mitesh Tara,56.0,1662086.99,+917948692883,Other
Neha Magar,62.0,1011242.0,+917753617371,Male
Barkha Setty,39.0,2442062.74,+918011467975,Male
Harini Mammen,27.0,1422660.07,+918080230418,Female
Falak Merchant,70.0,1063895.58,+917296068379,Male
Hitesh Sant,36.0,1398630.87,+918998961044,Female
Charan Loyal,29.0,786077.42,+918215233002,Male
Hritik Bal,38.0,2059880.5,+919683935600,Male
Rayaan Trivedi,64.0,420994.64,+917832937460,Female
Gauri Som,,2067986.31,+916597769760,Other
Harshil Arora,27.0,811737.07,+918739779525,Female
Varenya Ratti,50.0,1729333.06,+917676986013,Female
Kevin Zacharia,23.0,1587964.65,+916741134891,Male
Riya Sathe,42.0,1280465.16,+919070964768,Male
Ryan Bahri,,2243421.68,+918592930364,Female
Omya Kothari,41.0,453670.12,+916022313296,Female
Mohammed Gupta,45.0,513219.73,+917323959527,Female
Manbir Agate,38.0,2802853.83,+919604234700,Other
Lakshmi Vohra,19.0,1104781.43,+917843934986,Female
Mekhala Basak,64.0,2720702.55,+917450065086,Other
Aditya Sundaram,34.0,2216781.92,+918401022668,Male
Bhavna Karan,31.0,2301587.96,+916488842470,Female
Vyanjana Chand,,1701727.71,+918769510048,Female
Falak Agate,37.0,1349483.65,+916433705141,Other
Vrinda Swaminathan,40.0,2899208.96,+916891790792,Female
Gayathri Chaudry,42.0,374580.56,+917259191105,Other
Anirudh Kunda,64.0,1782700.44,+917123362233,Other
Lakshit Rajagopal,34.0,2734697.95,+917737739017,Female
Vincent Ravel,40.0,1131109.66,+919597695521,Female
Rudra Ghose,33.0,763161.6,+917515672889,Male
Gabriel Shan,29.0,2244976.54,+916512620717,Female
Yug Malhotra,53.0,1983454.35,+917732061472,Male
Om Pandey,34.0,2579574.23,+916388354759,Male
Charita Dhawan,25.0,800952.61,+918185386258,Male
Harini Gour,61.0,1707804.69,+916317234448,Female
Timothy Kanda,36.0,1112602.19,+918482206102,Male
Harita Dugar,22.0,1438321.65,+919859797024,Other
Faqid Savant,37.0,2805504.71,+916444900634,Male
Wishi Sathe,48.0,1427584.36,+917554945552,Other
Krishna Modi,23.0,1499676.36,+916496107065,Female
Sanaya Dixit,47.0,1419270.22,+919327598766,Female
Liam Koshy,64.0,2646180.88,+917131247330,Other
Ishwar Bajaj,33.0,244252.48,+916217150457,Female
Yadavi Prakash,25.0,1092449.68,+919140133190,Female
Farhan Sengupta,44.0,2760186.08,+917374110948,Female
Shravya Palla,39.0,961000.71,+918754415831,Other
Gauri Kohli,45.0,411383.67,+919910589015,Male
Rachana Naidu,52.0,1257640.62,+917593482331,Other
Arunima Chacko,67.0,2691499.91,+917964465977,Other
Hritik Sankar,22.0,1179206.0,+917059096258,Other
Dayamai Nori,54.0,542431.06,+917576038028,Female
Chakrika Chaudhuri,52.0,1232128.43,+917694503971,Female
Ekaja Jani,41.0,1456605.38,+919212203479,Male
Ekani Cheema,31.0,294148.76,+917432410914,Male
Yuvraj Dani,18.0,1762897.7,+918945486396,Other
Yadavi Ganguly,58.0,176932.99,+916736086849,Male
Maya Narain,61.0,1358996.94,+916446362270,Male
Zarna Ram,31.0,1280401.37,+917027918636,Other
Mohini Narasimhan,44.0,1311658.2,+918330497115,Female
Samesh Biswas,40.0,2801844.99,+917781968664,Male
Pranit Garde,65.0,1393225.85,+917974629461,Male
Yachana Sagar,70.0,2377048.15,+919078580665,Female
Nitesh Raghavan,34.0,610508.63,+917897669065,Other
Tristan Uppal,56.0,2090316.66,+917725373847,Male
Praneel Kapoor,58.0,2158192.85,+918781559918,Female
Warinder Peri,42.0,842146.77,+916873324617,Female
Farhan Randhawa,26.0,2317895.24,+918211822827,Other
Ridhi Kamdar,31.0,2319400.85,+916724156214,Other
Urmi Patla,46.0,442068.02,+919728183547,Other
Viraj Tiwari,44.0,778255.77,+918530876844,Female
Manthan Varma,34.0,2027189.46,+919071916904,Female
Onveer Sharma,47.0,357973.12,+916257324536,Male
Kamya Chauhan,29.0,1340972.2,+919597485607,Male
Aditya Sundaram,34.0,2216781.92,+918401022668,Male
Odika Narayanan,29.0,1731500.84,+918102996505,Female
Upkaar Virk,56.0,2273740.64,+919577015837,Female
Vivaan Roy,53.0,1197548.99,+919275366252,Female
Owen Lanka,25.0,2362092.0,+917020657023,Female
Jonathan Sama,33.0,1346502.8,+919409770698,Other
Charan Srinivasan,24.0,887404.36,+918193337732,Other
Nachiket Yadav,21.0,1726695.04,+917858906417,Other
Avni Bali,54.0,554991.53,+916808457424,Female
Mitali Buch,54.0,1849237.75,+919793925798,Male
Kamala Varma,38.0,234433.13,+917173930637,Female
Kevin Palla,50.0,479590.48,+919863343401,Other
Chandresh Zachariah,24.0,2265887.55,+916667643690,Female
Daniel Viswanathan,38.0,409956.78,+917066091571,Female
Ishani Prashad,64.0,2112220.55,+916546957087,Male
Chakradev Kari,33.0,615697.11,+917629748727,Female
Nilima Swamy,37.0,1348346.82,+919808964060,Female
Advaith Varughese,66.0,1698775.68,+917955690228,Female
Omya Doshi,23.0,480797.61,+919135973483,Male
Yagnesh Sarin,63.0,1060051.72,+919697010641,Female
Jagdish Amble,63.0,792590.31,+918228649039,Female
Chasmum Dhar,65.0,650590.83,+916054395639,Other
Tara Balasubramanian,22.0,2867200.48,+918336814230,Other
Anirudh Sharaf,19.0,279566.14,+918755022797,Other
Advaith Chaudhari,48.0,256777.16,+917182894728,Female
Fiyaz Sangha,33.0,1723177.9,+916672302490,Male
Karan Mital,67.0,945506.23,+918755143093,Other
Tanish Bhatt,37.0,190322.85,+918294092753,Male
Aryan Maharaj,19.0,2263418.92,+917051802512,Male
Yatan Dora,68.0,1782129.42,+917537965898,Male
Ekbal Bhasin,55.0,1235922.67,+918742548209,Female
Hardik Contractor,,255403.8,+916865826728,Male
Harini Choudhury,53.0,620611.83,+918266341635,Other
Omaja Rege,34.0,2180121.26,+918476700066,Other
Fiyaz Sangha,33.0,1723177.9,+916672302490,Male
Dipta Ghose,39.0,1996714.26,+918908291293,Male
Naksh Agate,29.0,722265.16,+919378046814,Other
Victor Raghavan,30.0,2372820.4,+918511301900,Male
Ryan Das,69.0,2946757.6,+918016446001,Female
Jeevika Rao,53.0,768497.09,+916897171779,Female
Brijesh Mani,58.0,1043201.71,+917669192918,Other
Dayamai Gill,35.0,1283929.49,+917472567340,Female
Upadhriti Wadhwa,23.0,394112.34,+918087313121,Male
Gabriel Mallick,44.0,2528963.24,+918028168523,Male
Isaac Patil,52.0,527088.77,+919789806435,Other
Sai Chahal,65.0,565879.73,+917120016279,Other
Aadi Sangha,64.0,2728621.24,+918767405445,Male
Udant Aggarwal,25.0,837083.0,+918740542751,Other
Frederick Khurana,62.0,830595.8,+917644847276,Male
Lajita Chatterjee,41.0,1795453.61,+919026113008,Male
Tanish Bhatt,37.0,190322.85,+918294092753,Male
Widisha Pillai,46.0,1853686.96,+919020591489,Male
Nitesh Narang,66.0,817309.95,+918815287619,Male
Upma Bahl,37.0,1845875.51,+919540085129,Other
Fitan Balasubramanian,58.0,1813187.67,+918665691647,Male
Anay Bir,41.0,2150973.75,+916196615480,Male
Arya Sunder,50.0,2770253.32,+918281169403,Male
Jairaj Raghavan,69.0,2635141.09,+916802986386,Female
Anvi Wason,54.0,1384495.68,+919111406814,Female
Balendra Biswas,60.0,1358442.1,+918607371597,Female
Janaki Trivedi,59.0,2838873.95,+917449827559,Female
Maya Wadhwa,36.0,1991583.86,+919366402219,Male
Aditya Anand,28.0,445582.35,+919913689120,Other
Chandani Devan,,185226.61,+919729458718,Other
Charles Dugal,63.0,335076.37,+918328608265,Female
Victor Kakar,55.0,1056312.45,+919170137258,Other
Anirudh Sastry,40.0,2993452.77,+918073486033,Male
Vansha Iyengar,50.0,2011248.82,+917757218651,Other
Dakshesh Trivedi,33.0,2614126.23,+919435488617,Male
Mahika Bhatti,50.0,2376082.27,+919909199720,Male
Dhruv Rattan,37.0,717768.45,+917652244897,Female
Nikita Chander,,1883647.66,+916282103057,Male
Ikbal Kothari,57.0,358793.06,+916915490795,Other
Tara Chaudhry,34.0,658918.28,+917140169349,Male
Inaya Mukherjee,53.0,1076391.17,+918844242456,Female
William Saini,32.0,774516.51,+916573673552,Female
William Saini,32.0,774516.51,+916573673552,Female
Pavani Kanda,54.0,1889445.36,+917627746667,Female
Yasti Chowdhury,63.0,664016.79,+916347082594,Female
Yash Pingle,20.0,2170038.06,+916007263971,Other
Jyoti Iyer,,520689.61,+918508201018,Female
Radhika De,24.0,627075.21,+919321377743,Other
Tejas Kota,,1451076.69,+917837384013,Male
Hemani Sani,23.0,337382.1,+917710084067,Other
Osha Ramachandran,48.0,1514335.49,+917463320861,Male
Devansh Nigam,28.0,1230073.39,+917676848676,Female
Ekansh Dora,24.0,496141.78,+916264867118,Male
Balveer Bora,22.0,2649425.03,+919719580124,Female
David Kapadia,27.0,608719.92,+916948277118,Other
Quincy Mann,67.0,1697852.62,+917575659319,Other
Eiravati Khurana,40.0,1726157.52,+917612446667,Female
Jasmit Nanda,37.0,2181310.39,+919046713215,Other
Simon Bail,66.0,606890.15,+917929811336,Other
Frederick D’Alia,65.0,1412865.25,+919546884199,Female
Dhriti Sanghvi,31.0,2335833.15,+917789226605,Other
Shivani Prabhakar,30.0,296879.39,+917619924126,Other
Utkarsh Patel,20.0,1074467.8,+916241030242,Female
Aarush Nath,31.0,1606845.89,+919409067573,Other
Lajita Sood,34.0,2832031.25,+918051831252,Male
Xalak Nazareth,28.0,1431265.23,+917348762713,Female
Ubika Tella,35.0,2706539.38,+916086899610,Female
Nirja Patla,53.0,2134088.21,+916589582865,Male
Aishani Bumb,59.0,262354.34,+919387056244,Female
Atharv Chakraborty,61.0,792910.77,+917938264714,Male
Yashodhara Ratta,19.0,2591686.29,+919288203651,Other
Manbir Bhatti,55.0,2245282.91,+917428156550,Male
Leela Chakraborty,64.0,2924317.05,+916561160362,Female
Anthony Bhattacharyya,22.0,978360.1,+916289320836,Female
Girik Keer,40.0,1668323.95,+918841212515,Female
Shravya Swaminathan,32.0,2046765.26,+919498054328,Male
Xiti Pandya,55.0,2833579.92,+916662259333,Male
Nitara Devan,,1734468.22,+918362751242,Male
Ethan Sen,43.0,1723354.45,+919679172843,Female
Owen Choudhary,48.0,2133805.17,+916596110070,Other
Lucky Mammen,59.0,1899048.13,+918667740351,Male
Watika Mangat,58.0,1013038.24,+917179714407,Other
Jagdish Chana,22.0,1169445.4,+918159668272,Male
Ucchal Srinivas,21.0,2960491.16,+918027530378,Male
Falak Munshi,66.0,918834.36,+916569113257,Male
Yashasvi Shankar,67.0,391393.62,+919870349834,Other
Atharv Nagar,50.0,180186.3,+917025985237,Other
William Date,32.0,2998781.39,+918887427412,Female
Indira Nigam,22.0,279075.94,+917479740208,Other
Wishi Morar,23.0,1158655.72,+916399707954,Other
Owen Choudhary,48.0,2133805.17,+916596110070,Other
Yug Dhaliwal,33.0,2182359.32,+916352350576,Female
Faqid Goel,,964382.89,+916035121678,Male
Vritti Sem,69.0,1236508.77,+918850521812,Other
Anya Sama,37.0,827012.61,+916213182609,Female
Lajita Walia,37.0,1901120.59,+916401271939,Other
Aadhya Jani,63.0,2260897.61,+917801177461,Male
Ranbir Khare,27.0,2021698.46,+916963124353,Male
Parth Sahni,28.0,2375109.56,+918429450217,Other
Urvi Bhavsar,29.0,1564179.2,+918136846691,Female
Jasmit Bath,18.0,2854146.87,+917426862057,Other
Benjamin Sengupta,57.0,2257060.18,+917285201700,Other
Zashil Hegde,70.0,2566421.24,+918807773530,Other
Zashil Butala,65.0,480318.0,+919656073292,Male
Jairaj Balakrishnan,21.0,2995972.25,+919639119547,Female
Suhani Chakrabarti,68.0,2716513.45,+916012178595,Female
Anirudh Sastry,40.0,2993452.77,+918073486033,Male
Osha Prasad,26.0,856191.17,+918768624284,Male
Hemal Chad,44.0,1813551.1,+919422035846,Other
Anita Nayak,66.0,2116966.13,+916822662216,Male
Shivansh Krish,32.0,651277.04,+918988918316,Other
Odika Nori,70.0,1697637.49,+917087974350,Male
Sneha Magar,62.0,2654116.11,+919184181519,Female
Aarini Subramaniam,41.0,1212628.15,+917215018687,Female
Garima Das,33.0,435128.41,+918660800029,Male
Varenya Kibe,52.0,2317374.33,+917052811909,Male
Nidhi Kohli,39.0,2628645.89,+919754619063,Female
Ijaya Dani,31.0,1625585.01,+918188382776,Male
Pushti Bal,42.0,2855981.27,+916139093888,Other
Caleb Kata,61.0,2674131.45,+917637982876,Male
Charita Dugar,32.0,1232543.36,+919579265601,Male
Azaan Dhar,37.0,2593992.53,+916619986018,Female
Warjas Tak,28.0,2238400.88,+917512585138,Male
Yashica Upadhyay,20.0,2403554.61,+917544167403,Other
Nathaniel Sami,42.0,425641.67,+919639960595,Female
Rachit Maharaj,41.0,532771.62,+919148094176,Female
Sai Parsa,22.0,1148871.31,+919380225197,Male
Vinaya Babu,22.0,2722113.83,+917904523027,Male
Rushil Saini,18.0,2312601.0,+916685731524,Other
Advik Salvi,66.0,297093.56,+917146997816,Other
Raghav Vasa,26.0,2263896.46,+918259520140,Male
Om Bose,24.0,294225.08,+917649910946,Other
Nidra Mishra,63.0,2489571.81,+919989487508,Male
Manya Merchant,20.0,1737823.38,+916000728926,Male
Hemani Dhingra,47.0,474771.67,+918880640679,Female
Upasna Lanka,39.0,598616.44,+917338472296,Other
Oni Virk,20.0,2596990.77,+916955345537,Male
Tanay Sood,42.0,2116221.93,+918054046672,Female
Mason Gola,32.0,2265876.3,+918410638666,Female
Shravya Singhal,41.0,1662929.27,+919923396682,Female
Xavier Nanda,70.0,1639359.48,+918300016872,Other
Jalsa Bir,30.0,1782199.77,+916643611097,Male
Zayyan Naik,27.0,2964452.82,+918320207740,Female
Qushi Nagy,24.0,1799251.49,+919989540022,Female
David Seshadri,70.0,197415.32,+917422663210,Other
Zayan Behl,18.0,1016043.61,+916902727745,Female
Falak Nagar,22.0,1429840.15,+918568106346,Female
Advika Sahni,38.0,2789219.56,+917687718878,Other
Zaid Dhingra,26.0,751892.15,+916094116768,Other
Forum Sarraf,,676911.48,+919803162153,Female
Advik Konda,36.0,731402.57,+918324316421,Male
Edhitha Patel,23.0,2491736.15,+918877733629,Other
Lipika Ramanathan,24.0,170940.58,+918844794993,Female
Ekta Sridhar,22.0,1005752.64,+919479722104,Other
Janaki Varghese,58.0,1618820.83,+917039116361,Other
Krisha Saini,36.0,2127844.83,+918109688769,Male
Avi Shenoy,51.0,2431283.46,+918909990149,Other
Raksha Sethi,,536601.99,+919656285641,Other
Faras Choudhury,35.0,416018.96,+917548058189,Female
Tanvi Comar,42.0,2577020.59,+917971381481,Female
Siddharth Gupta,47.0,1199579.84,+918118967967,Male
Hardik Johal,61.0,2539260.78,+918698305085,Male
Januja Pradhan,21.0,1813041.34,+916732343731,Other
Kabir Gopal,,183775.26,+918273831457,Other
Michael Hayre,38.0,1056464.5,+917168041588,Male
Wriddhish Bhardwaj,33.0,2386165.36,+919468173213,Female
Yuvraj Mane,,400856.61,+918140852855,Female
Charan Mani,40.0,1424319.53,+919121644055,Female
Baljiwan Bhandari,50.0,1293953.19,+916172893522,Male
Jairaj Iyer,49.0,2904548.56,+918756056675,Other
Charles Natt,33.0,239975.96,+919008714405,Male
Devansh Bhasin,27.0,2771698.26,+918646026315,Other
Dalbir Sachar,18.0,281047.36,+917563267151,Female
Nandini Warrior,18.0,2391669.32,+918676013419,Other
Nitesh Sengupta,34.0,1740539.99,+918469444227,Male
Nihal Taneja,50.0,1001902.43,+919012895123,Other
Udant Dewan,24.0,2078593.54,+919831882064,Other
Bachittar Sengupta,45.0,1955439.49,+917732561822,Female
Ayush Bumb,24.0,2700154.95,+919947728706,Male
Ikbal Khatri,37.0,483304.38,+917603337351,Other
Rayaan Mangal,18.0,2305111.33,+917281459294,Female
Chakrika Datta,30.0,2541802.21,+918668616333,Male
Triveni Pal,48.0,2870191.0,+919308701294,Male
Gaurangi Deol,43.0,875203.07,+916012951344,Other
Abhiram Mistry,41.0,1379197.59,+918852879124,Female
Ekaraj Mallick,31.0,2523739.83,+917672790155,Other
Liam Luthra,59.0,620242.01,+919821461211,Female
Nidra Patla,29.0,2300085.88,+918033747850,Male
Jeet Vasa,69.0,2828178.95,+916769945233,Male
Hemani Bakshi,37.0,1036205.5,+919619998445,Female
Wriddhish Talwar,57.0,1966983.65,+919822997184,Other
Yashica Cherian,51.0,1436735.5,+917064746525,Male
Hiral Sathe,25.0,1141585.22,+919631471321,Female
Aditya Misra,20.0,2316011.77,+917895655026,Other
Adya Bose,25.0,2318208.82,+918414975110,Female
Omaja Grover,54.0,469795.06,+919559557470,Other
Banjeet Balasubramanian,35.0,1576345.7,+918120834317,Female
Veda Shroff,25.0,1465126.5,+916504513251,Other
Bhavna Dugar,,781480.37,+919346285771,Male
Lucky Luthra,58.0,878999.15,+918296662600,Other
Gaurang Sarkar,48.0,1473660.15,+917461115950,Other
Devansh Rajan,69.0,1026415.26,+916248786714,Male
Brinda Date,42.0,1916174.55,+917034356087,Female
Ishaan Shenoy,58.0,1818289.36,+919058672970,Female
Nilima Tata,26.0,271626.32,+916336590217,Other
Veda Bose,49.0,587731.31,+917549748436,Male
Oeshi Bera,26.0,2575520.25,+918010133918,Female
Frado Mander,56.0,2445754.7,+919419769846,Other
Yashodhara Agate,61.0,864098.87,+919605117440,Male
Teerth Srinivas,37.0,1082807.63,+918375509447,Female
Jhalak Parmer,28.0,2478140.03,+919441382168,Other
Shivani Shukla,57.0,2751341.65,+918831604672,Female
Dhriti Sane,39.0,928667.33,+919433149532,Female
Lajita Nadig,66.0,1910838.82,+918894673596,Male
Umang Yogi,37.0,1327355.67,+919740268586,Male
Andrew Patil,33.0,945168.23,+917282044148,Male
Tarak Kaul,41.0,821967.51,+916350492684,Female
Nisha Srinivas,70.0,549004.76,+918313346852,Male
Daksha Baria,61.0,1008849.52,+916371537098,Female
Zansi Lad,63.0,2249933.15,+918377614706,Other
Bhanumati Krishnan,44.0,1580185.59,+918626278260,Female
Abha Raghavan,63.0,955747.36,+919691982799,Female
Bhavya Borah,26.0,1006240.56,+918590772665,Other
Aarush Lall,63.0,1038391.43,+918884873529,Other
