mobile,total_spent,avg_transaction_value,max_purchase_amount,min_purchase_amount,purchase_count,first_purchase,last_purchase,days_since_first_purchase,days_since_last_purchase
916000728926,26785.96,3348.245,7118.2,0.0,8,1970-05-11,2021-11-07,20052.0,1244.0
916006279398,40381.94,4038.1940000000004,8499.79,0.0,10,1977-09-27,2018-08-25,17356.0,2414.0
916007263971,19507.31,4876.8275,7801.18,527.3,4,1980-07-13,2015-07-30,16336.0,3536.0
916010621799,11310.06,3770.02,4221.05,3112.81,3,2011-10-15,2020-07-02,4920.0,1737.0
916012178595,58437.020000000004,6493.002222222222,9651.86,3565.66,9,1973-01-08,2016-01-24,19079.0,3358.0
916012951344,23716.34,3952.7233333333334,7790.21,0.0,6,1978-07-07,2021-10-26,17073.0,1256.0
916022313296,38986.770000000004,4873.3462500000005,9175.6,0.0,8,1978-01-19,2006-09-04,17242.0,6787.0
916027418321,19834.47,6611.490000000001,9905.27,4766.49,3,1998-04-19,2019-12-01,9847.0,1951.0
916030884438,26361.21,8787.07,9942.2,6493.78,3,1975-01-20,2025-01-22,18337.0,72.0
916033199694,54622.26,5462.226000000001,9844.47,0.0,10,1971-08-27,2022-10-02,19579.0,915.0
916033599984,28745.18,3193.908888888889,9829.11,0.0,9,1975-11-04,2024-02-20,18049.0,409.0
916035121678,35105.07,4388.13375,9664.5,0.0,8,1970-01-30,2024-07-18,20153.0,260.0
916039887139,54114.89,6764.36125,9668.93,2659.37,8,1977-09-28,2022-07-30,17355.0,979.0
916053002550,35571.6,5081.657142857142,9283.17,1121.87,7,1971-08-25,2020-02-07,19581.0,1883.0
916054395639,24589.12,3512.7314285714283,8478.32,731.56,7,1978-04-22,2014-12-07,17149.0,3771.0
916067779246,23289.08,3327.011428571429,9066.01,0.0,7,1986-08-30,2019-09-14,14097.0,2029.0
916069759864,37657.03,3765.703,6466.32,864.46,10,1972-10-16,2018-04-18,19163.0,2543.0
916076317824,52789.07,5865.452222222222,8997.37,968.7,9,1974-09-21,2021-06-30,18458.0,1374.0
916078299575,3479.4799999999996,1159.8266666666666,2063.72,269.98,3,1978-06-06,2020-08-09,17104.0,1699.0
916083651970,32461.37,6492.273999999999,9562.14,1493.76,5,1970-05-10,2021-12-02,20053.0,1219.0
916083880626,26817.44,6704.36,9615.57,3977.86,4,1992-12-27,2016-11-30,11786.0,3047.0
916084790270,27943.35,5588.67,9688.52,215.69,5,2004-12-31,2013-10-04,7399.0,4200.0
916086899610,45996.880000000005,6570.982857142858,9439.68,711.59,7,1982-09-10,2016-12-21,15547.0,3026.0
916089578218,46908.93,5212.1033333333335,8961.03,0.0,9,1974-02-09,2021-03-04,18682.0,1492.0
916094116768,58596.43,6510.714444444445,9780.01,897.16,9,1979-10-12,2025-03-06,16611.0,29.0
916106110279,42489.28,6069.897142857143,8756.77,1970.04,7,1974-05-10,2014-12-19,18592.0,3759.0
916110724913,24830.23,4966.046,8812.32,1145.88,5,1975-11-18,2022-07-26,18035.0,983.0
916117898946,32423.91,4052.98875,9481.49,187.2,8,1980-05-04,2013-01-08,16406.0,4469.0
916118543408,30975.7,6195.14,9628.54,4249.49,5,1972-12-17,1987-04-18,19101.0,13866.0
916125857393,30550.43,5091.738333333334,8975.19,1689.67,6,1972-10-08,2011-01-08,19171.0,5200.0
916138428506,48906.34,4890.634,9493.96,666.67,10,1972-01-08,2024-06-24,19445.0,284.0
916139093888,44308.61,4430.861,9642.22,0.0,10,1978-12-23,2012-10-30,16904.0,4539.0
916157437641,38843.6,6473.933333333333,9778.82,4639.67,6,1980-07-29,2014-01-17,16320.0,4095.0
916164510971,14307.37,4769.123333333334,9300.6,305.86,3,2018-09-21,2024-03-15,2387.0,385.0
916171055058,48322.12,6903.160000000001,9212.52,1265.43,7,1973-06-08,2013-09-27,18928.0,4207.0
916171347175,17570.81,4392.7025,8747.5,1256.35,4,1977-03-10,1977-03-10,17557.0,17557.0
916172893522,54474.93,6809.36625,9588.48,2336.62,8,1976-12-07,2004-10-27,17650.0,7464.0
916172907376,28516.41,3564.55125,7017.22,1299.76,8,1983-12-16,2024-04-27,15085.0,342.0
916180674181,19731.07,4932.7675,8011.03,1075.89,4,1980-04-03,2015-11-10,16437.0,3433.0
916183860832,19857.54,4964.385,7754.65,235.44,4,1980-08-26,2021-04-14,16292.0,1451.0
916196346343,20303.49,4060.6980000000003,6247.66,757.32,5,1984-04-13,2022-04-03,14966.0,1097.0
916196615480,19576.65,6525.55,9303.07,1959.93,3,1981-03-27,1986-07-16,16079.0,14142.0
916211703120,4245.24,1061.31,2552.06,0.0,4,1984-04-03,2001-01-08,14976.0,8852.0
916213182609,17043.43,3408.686,6364.7,0.0,5,1998-08-02,2016-08-28,9742.0,3141.0
916215092803,41135.7,4113.57,8756.46,1180.55,10,1971-10-21,2019-03-29,19524.0,2198.0
916217150457,49663.4,4966.34,9148.56,0.0,10,1972-01-04,2011-07-03,19449.0,5024.0
916218035843,18874.620000000003,6291.540000000001,8915.62,1382.81,3,1981-10-06,2016-12-25,15886.0,3022.0
916224908174,44116.18,5514.5225,9701.93,1758.78,8,1984-05-18,2017-10-05,14931.0,2738.0
916225447588,39602.81,6600.468333333333,9139.76,4322.31,6,1973-05-30,2023-07-04,18937.0,640.0
916241030242,14592.08,2918.416,5072.68,206.01,5,1977-10-20,2020-08-24,17333.0,1684.0
916245522987,29470.7,3683.8375,7280.09,0.0,8,1972-08-29,2014-10-20,19211.0,3819.0
916248786714,10437.02,3479.0066666666667,6635.81,0.0,3,1983-10-21,1993-06-13,15141.0,11618.0
916249166485,28242.98,7060.745,9981.95,3119.99,4,2004-03-27,2017-06-27,7678.0,2838.0
916251183830,24041.2,6010.3,9043.92,0.0,4,1987-06-13,2021-02-17,13810.0,1507.0
916257247382,45775.86,5086.206666666667,9748.81,0.0,9,1972-02-01,2018-04-28,19421.0,2533.0
916257324536,7202.68,1800.67,3319.27,807.28,4,1979-11-17,1998-04-08,16575.0,9858.0
916264867118,33992.4,5665.400000000001,8200.47,331.91,6,1973-02-02,2023-11-22,19054.0,499.0
916271515109,28944.79,4134.97,6930.79,599.16,7,1972-09-03,2000-03-06,19206.0,9160.0
916282103057,30633.25,4376.178571428572,8164.98,967.6,7,1978-12-06,2022-02-20,16921.0,1139.0
916287814151,22866.44,4573.288,7544.94,558.24,5,1979-09-16,2023-03-11,16637.0,755.0
916289012242,31683.61,3520.4011111111113,7235.14,615.45,9,1972-11-12,2022-09-03,19136.0,944.0
916289320836,20548.55,2935.5071428571428,7083.25,0.0,7,1972-08-24,2019-06-24,19216.0,2111.0
916294296873,41674.08,6945.68,9736.01,2844.32,6,1973-08-16,2019-07-16,18859.0,2089.0
916294678352,33013.0,4716.142857142857,8496.91,0.0,7,1987-12-02,2019-04-09,13638.0,2187.0
916306702926,44073.6,6296.228571428571,9355.78,3729.92,7,1980-12-25,2012-04-16,16171.0,4736.0
916314597900,20000.13,5000.0325,8931.6,1952.6,4,1978-10-14,2000-01-23,16974.0,9203.0
916317234448,24810.57,4962.114,9190.67,1785.15,5,2000-08-20,2015-08-10,8993.0,3525.0
916323169889,30189.25,4312.75,9052.03,1188.02,7,1978-01-18,2015-05-13,17243.0,3614.0
916323775634,12966.15,3241.5375,7311.42,0.0,4,1985-08-08,2016-06-25,14484.0,3205.0
916323840346,5575.619999999999,1858.5399999999997,3233.64,819.18,3,1971-06-19,2018-07-25,19648.0,2445.0
916332788471,21102.539999999997,5275.634999999999,9654.06,600.03,4,1986-11-07,1999-12-31,14028.0,9226.0
916334744286,25545.6,3649.371428571428,9742.62,970.75,7,1972-09-15,2013-12-01,19194.0,4142.0
916336590217,32797.04,5466.173333333333,9473.78,1658.71,6,1978-03-31,2008-05-12,17171.0,6171.0
916340272119,27470.800000000003,4578.466666666667,9509.19,0.0,6,1973-06-01,2001-06-27,18935.0,8682.0
916347082594,27554.16,5510.832,7776.69,1972.7,5,1970-10-10,1995-10-19,19900.0,10760.0
916350492684,46652.69,7775.448333333334,9992.66,4226.51,6,1976-10-15,2020-08-08,17703.0,1700.0
916351784589,29247.78,4178.254285714285,7434.65,1873.57,7,1976-08-10,2022-03-12,17769.0,1119.0
916352116052,18373.34,6124.446666666667,8136.79,2149.7,3,1978-05-03,1978-05-03,17138.0,17138.0
916352350576,21166.12,7055.373333333333,9619.97,1992.47,3,2021-11-05,2021-11-05,1246.0,1246.0
916354813720,24958.11,3565.444285714286,5241.42,1947.85,7,1972-07-08,2024-11-18,19263.0,137.0
916363865392,28588.96,2858.8959999999997,5161.35,0.0,10,1982-07-11,2000-09-07,15608.0,8975.0
916367709135,15904.599999999999,3976.1499999999996,5240.12,1840.83,4,1971-06-05,2018-09-29,19662.0,2379.0
916368053428,46894.34,5210.482222222222,9095.59,1439.74,9,1988-06-16,2018-06-29,13441.0,2471.0
916370281126,42292.41,5286.55125,9909.37,0.0,8,1972-10-24,2023-03-23,19155.0,743.0
916371537098,21629.67,3089.952857142857,7991.03,0.0,7,1991-07-21,2023-10-20,12311.0,532.0
916378213925,33178.0,5529.666666666667,7590.92,708.93,6,1971-12-31,2019-10-14,19453.0,1999.0
916383484123,31675.6,3959.45,9577.15,391.61,8,1978-07-14,2019-01-09,17066.0,2277.0
916384230848,42945.600000000006,4771.733333333334,9159.04,764.37,9,1970-03-03,2017-03-03,20121.0,2954.0
916386757895,8091.45,2697.15,5976.54,707.6,3,1978-11-12,1983-11-05,16945.0,15126.0
916387652480,20578.9,3429.816666666667,6781.27,0.0,6,1978-05-25,2015-04-22,17116.0,3635.0
916387847884,66830.8,6683.08,9528.16,288.27,10,1979-02-10,2012-11-15,16855.0,4523.0
916388354759,37485.68,7497.136,9412.61,6036.49,5,1975-11-18,1975-11-18,18035.0,18035.0
916397129827,40776.81,4077.6809999999996,9228.15,238.21,10,1970-11-07,2009-11-21,19872.0,5613.0
916399222877,42800.32,5350.04,8840.88,0.0,8,1971-09-14,2022-04-22,19561.0,1078.0
916399707954,51808.03,5180.803,8789.17,217.38,10,1971-04-18,2024-11-06,19710.0,149.0
916401271939,22703.61,5675.9025,9812.85,543.95,4,1992-02-24,2022-11-13,12093.0,873.0
916409675904,30741.13,3842.64125,7962.89,0.0,8,1976-02-11,2022-03-06,17950.0,1125.0
916419201975,40442.25,5055.28125,7865.18,1310.25,8,1996-05-19,2023-01-28,10547.0,797.0
916422809996,33869.25,6773.85,9135.87,2517.92,5,1980-10-12,2020-11-20,16245.0,1596.0
916430372878,42383.43,4709.27,8134.97,0.0,9,1981-02-04,2010-03-18,16130.0,5496.0
916431494396,30047.44,5007.906666666667,9845.47,0.0,6,1978-11-10,2017-05-21,16947.0,2875.0
916433705141,50867.67,7266.8099999999995,9846.43,4181.89,7,1978-01-25,2025-03-24,17236.0,11.0
916441128454,56605.6,7075.7,9648.66,1442.25,8,1977-04-13,2021-11-03,17523.0,1248.0
916441973220,48124.75,4812.475,8335.03,101.45,10,1973-01-22,2023-05-04,19065.0,701.0
916444900634,35098.61,5849.768333333333,8777.37,0.0,6,1973-03-21,2015-11-08,19007.0,3435.0
916444961037,27007.399999999998,5401.48,9411.15,2340.69,5,2008-12-20,2019-03-16,5949.0,2211.0
916446362270,48268.94,6895.562857142858,9339.95,1751.39,7,1972-07-14,2019-07-24,19257.0,2081.0
916446457642,53498.36,5349.836,9815.67,635.18,10,1970-10-20,2024-07-17,19890.0,261.0
916469306919,44010.89,6287.2699999999995,8889.52,1067.92,7,1979-01-18,2024-07-18,16878.0,260.0
916486237535,44252.54,4916.948888888889,8696.45,2110.24,9,1988-01-06,2009-11-01,13603.0,5633.0
916487258103,6462.66,1077.11,4095.31,0.0,6,1976-06-10,2019-02-26,17830.0,2229.0
916488842470,15679.949999999999,3135.99,7120.65,458.64,5,1982-10-28,1993-04-08,15499.0,11684.0
916491404673,53291.46,5921.2733333333335,9825.67,265.64,9,1973-07-22,2016-10-10,18884.0,3098.0
916496107065,74697.47,8299.718888888889,9538.43,5173.33,9,1986-07-18,2016-08-17,14140.0,3152.0
916504513251,18015.059999999998,3002.5099999999998,6262.73,0.0,6,1970-09-08,2009-10-06,19932.0,5659.0
916507771858,46931.72,5214.635555555556,9365.77,0.0,9,1970-06-11,2023-04-01,20021.0,734.0
916508119378,37853.69,4731.71125,9171.07,234.6,8,1972-03-04,2014-06-08,19389.0,3953.0
916512620717,45759.990000000005,5084.443333333334,9116.53,0.0,9,1975-06-18,2020-04-19,18188.0,1811.0
916513483708,27346.190000000002,4557.698333333334,9563.37,0.0,6,1984-05-13,2021-03-30,14936.0,1466.0
916518599264,19291.58,3215.263333333334,7932.07,269.74,6,1979-01-01,2014-12-30,16895.0,3748.0
916530836767,44663.24,4466.324,9075.21,0.0,10,1974-02-10,2019-09-01,18681.0,2042.0
916542223599,14015.29,3503.8225,5042.06,1805.66,4,1971-03-25,2015-11-25,19734.0,3418.0
916546951552,33799.19,4828.455714285715,9352.13,985.04,7,1983-03-07,2019-09-13,15369.0,2030.0
916546957087,21603.57,3600.595,7135.97,264.11,6,1971-03-23,2021-12-27,19736.0,1194.0
916551395583,36680.59,3668.0589999999997,9684.67,0.0,10,1970-03-09,2023-04-08,20115.0,727.0
916551437149,18961.56,6320.52,8140.52,5217.17,3,1996-05-04,2012-11-02,10562.0,4536.0
916560448350,19079.39,3815.8779999999997,8501.15,0.0,5,1980-11-08,2018-10-21,16218.0,2357.0
916561160362,16547.62,4136.905,5539.8,1076.05,4,1995-05-12,2019-10-05,10920.0,2008.0
916561387824,35875.47,3986.1633333333334,8253.64,1335.84,9,1972-05-09,2020-08-11,19323.0,1697.0
916566862173,32604.77,5434.128333333333,9941.84,820.14,6,1998-03-31,2017-08-16,9866.0,2788.0
916569113257,38433.97,3843.397,8107.67,1092.82,10,1970-10-27,2022-05-08,19883.0,1062.0
916569132884,35133.93,5019.132857142858,7863.95,0.0,7,1988-07-08,2021-04-23,13419.0,1442.0
916573673552,17732.39,4433.0975,7418.55,240.41,4,1972-01-27,2012-01-12,19426.0,4831.0
916574621243,22886.1,5721.525,7486.78,2685.4,4,1990-02-14,2025-01-22,12833.0,72.0
916575301286,47506.91,5278.545555555556,9563.17,0.0,9,1970-02-05,2023-05-03,20147.0,702.0
916586055431,15856.5,3171.3,4884.27,645.27,5,1971-07-16,2011-08-18,19621.0,4978.0
916589112843,33251.369999999995,8312.842499999999,9253.29,5955.37,4,1989-07-15,2020-04-23,13047.0,1807.0
916589582865,37317.19,7463.438,9039.88,4243.84,5,1971-09-21,1989-09-11,19554.0,12989.0
916592135522,43256.75,6179.535714285715,9226.58,1158.43,7,1999-12-09,2018-09-22,9248.0,2386.0
916596110070,16079.539999999999,2679.923333333333,5301.62,162.23,6,1970-04-02,2018-01-18,20091.0,2633.0
916597769760,9371.24,1561.8733333333332,2955.77,0.0,6,1981-10-17,2020-08-05,15875.0,1703.0
916604058666,36622.99,6103.831666666666,9577.96,0.0,6,1980-11-15,2023-02-23,16211.0,771.0
916619986018,45095.380000000005,6442.197142857143,9924.48,2432.82,7,1974-06-06,2022-08-03,18565.0,975.0
916627920145,40271.229999999996,4474.581111111111,7184.51,0.0,9,1985-07-23,2019-02-11,14500.0,2244.0
916632880459,24953.87,4990.773999999999,9066.88,200.4,5,1972-05-12,2024-05-05,19320.0,334.0
916634323009,14968.730000000001,4989.576666666667,6832.31,1771.78,3,1987-02-14,1992-01-16,13929.0,12132.0
916642708893,22648.57,3774.7616666666668,7513.97,867.18,6,1976-09-03,1999-11-24,17745.0,9263.0
916643611097,26453.39,5290.678,8868.46,878.07,5,1970-09-04,2024-10-11,19936.0,175.0
916649101302,30308.21,3367.5788888888887,9255.82,0.0,9,1970-04-16,2007-07-31,20077.0,6457.0
916650392310,21342.269999999997,3557.0449999999996,9668.97,0.0,6,1972-12-20,2020-09-12,19098.0,1665.0
916656293602,27131.79,4521.965,7651.43,150.86,6,1976-12-20,2024-04-02,17637.0,367.0
916660370908,21138.14,5284.535,9563.77,588.62,4,1970-03-18,2014-04-22,20106.0,4000.0
916662259333,35141.06,3514.1059999999998,8940.38,0.0,10,1973-08-11,2015-10-19,18864.0,3455.0
916662510569,45633.64,5070.404444444444,8820.7,1001.02,9,1972-11-04,2024-10-15,19144.0,171.0
916662614186,50304.44,5589.3822222222225,9176.41,2153.6,9,1984-06-05,2013-10-05,14913.0,4199.0
916667643690,46716.25,5190.694444444444,9945.33,911.45,9,1977-07-06,2018-05-14,17439.0,2517.0
916672302490,10388.960000000001,3462.986666666667,5111.27,2443.06,3,1990-05-14,2024-05-20,12744.0,319.0
916685731524,31034.620000000003,4433.517142857143,9434.04,438.61,7,1978-11-12,2023-01-17,16945.0,808.0
916707196784,34821.78,6964.356,9961.82,2496.65,5,1996-11-23,2014-09-12,10359.0,3857.0
916717100421,25672.67,6418.1675,7793.5,5380.89,4,1998-07-13,2001-12-05,9762.0,8521.0
916717967293,31223.399999999998,3902.9249999999997,9397.63,0.0,8,1972-03-17,2011-08-13,19376.0,4983.0
916720648887,18152.89,3630.578,7809.47,0.0,5,1973-11-18,2007-06-27,18765.0,6491.0
916724156214,62527.740000000005,6252.774,9852.02,1168.75,10,1973-03-14,2022-12-23,19014.0,833.0
916724301196,20082.55,6694.183333333333,7236.81,6031.98,3,1990-11-14,2017-06-24,12560.0,2841.0
916728353118,26069.219999999998,5213.843999999999,9425.21,843.36,5,1987-07-26,2018-12-20,13767.0,2297.0
916732343731,34633.87,4329.23375,9695.58,699.29,8,1976-11-15,2016-11-05,17672.0,3072.0
916733718685,9005.130000000001,2251.2825000000003,6063.43,0.0,4,1996-01-06,2022-01-28,10681.0,1162.0
916736086849,21254.95,5313.7375,9496.69,1187.6,4,1991-08-12,2015-12-22,12289.0,3391.0
916741134891,58834.06,7354.2575,9948.24,4455.76,8,1980-09-30,2010-01-30,16257.0,5543.0
916742201314,34752.09,6950.418,9955.16,4252.13,5,1979-01-10,2024-07-12,16886.0,266.0
916749270915,29683.02,3710.3775,7404.67,0.0,8,1987-10-09,2024-08-28,13692.0,219.0
916751917162,41137.31,4113.731,9148.32,203.03,10,1982-04-08,2022-06-04,15702.0,1035.0
916752002052,30058.550000000003,4294.078571428572,8846.2,1997.88,7,1973-01-30,2017-07-17,19057.0,2818.0
916769945233,29767.519999999997,4252.502857142857,9824.81,1285.87,7,1973-06-05,2016-01-03,18931.0,3379.0
916778508164,19998.73,6666.243333333333,8851.28,3275.16,3,1991-11-05,2017-07-04,12204.0,2831.0
916779130936,19444.010000000002,4861.0025000000005,9646.17,615.84,4,1973-03-27,1998-02-27,19001.0,9898.0
916782878018,42818.259999999995,4757.584444444444,8622.05,129.53,9,1971-12-21,2023-01-31,19463.0,794.0
916789711774,29829.399999999998,7457.349999999999,9656.08,4036.32,4,1973-11-16,2018-08-11,18767.0,2428.0
916802986386,20848.18,4169.636,8682.62,1499.19,5,1975-07-11,2007-08-06,18165.0,6451.0
916808155185,21540.93,3590.155,5829.01,1214.65,6,1980-12-20,2022-08-14,16176.0,964.0
916808457424,60184.78,7523.0975,9733.17,1467.05,8,1970-02-05,2024-04-24,20147.0,345.0
916809283659,36742.41,6123.735000000001,9673.51,1886.61,6,1984-08-09,2014-04-02,14848.0,4020.0
916809517372,31102.17,6220.433999999999,9484.76,1902.74,5,1990-08-13,2023-06-17,12653.0,657.0
916815976168,35507.91,3945.3233333333337,9316.05,0.0,9,1989-07-30,2024-05-18,13032.0,321.0
916816145550,44345.47,5543.18375,9132.0,810.88,8,1970-01-19,2021-11-13,20164.0,1238.0
916822662216,40146.63,5018.32875,9226.71,1011.37,8,1971-07-01,2011-03-06,19636.0,5143.0
916824341906,25533.809999999998,3647.6871428571426,8350.4,911.02,7,1988-04-08,2023-12-29,13510.0,462.0
916826834424,38791.27,4848.90875,9663.14,0.0,8,1986-08-02,2024-07-15,14125.0,263.0
916829621429,34153.01,5692.168333333334,9520.05,2572.37,6,1976-10-11,2011-12-06,17707.0,4868.0
916832810061,26712.99,3816.1414285714286,7883.06,0.0,7,1977-08-24,2020-02-26,17390.0,1864.0
916838070464,24808.56,6202.14,8543.79,626.28,4,2008-03-03,2013-03-11,6241.0,4407.0
916843828285,38957.75,4328.638888888889,6887.14,1022.4,9,1975-09-29,2012-03-15,18085.0,4768.0
916853180912,11653.87,3884.6233333333334,4717.13,2409.65,3,1974-06-22,1999-11-25,18549.0,9262.0
916854316681,38916.880000000005,6486.146666666667,9262.95,3142.58,6,1974-10-27,2024-09-28,18422.0,188.0
916865826728,40942.979999999996,4094.298,7999.87,0.0,10,1985-07-26,2017-04-21,14497.0,2905.0
916866179751,32863.15,4107.89375,7379.78,622.43,8,1981-11-01,2025-02-12,15860.0,51.0
916873324617,58988.78,5898.878,9931.77,1054.07,10,1974-10-13,2022-12-16,18436.0,840.0
916874443787,43094.76,6156.394285714286,9126.41,1419.96,7,1976-09-24,2023-01-06,17724.0,819.0
916888488384,42909.5,4290.95,8635.78,1004.5,10,1970-08-24,2025-01-23,19947.0,71.0
916888812214,37456.25,6242.708333333333,9440.97,1085.66,6,1973-04-04,2018-05-11,18993.0,2520.0
916891790792,8227.48,2742.4933333333333,3873.27,534.77,3,1991-06-13,2024-01-08,12349.0,452.0
916897171779,46388.81,6626.972857142857,9936.57,2365.56,7,1975-02-06,2023-01-16,18320.0,809.0
916902727745,66761.98,7417.997777777778,9922.49,4839.15,9,1971-12-25,2006-12-22,19459.0,6678.0
916906164396,21576.37,5394.0925,7971.31,252.9,4,2017-10-03,2019-03-28,2740.0,2199.0
916915490795,28968.32,3621.04,9832.46,136.74,8,1971-03-06,2025-01-23,19753.0,71.0
916923988689,28034.55,2803.455,7087.53,0.0,10,1983-09-09,2019-07-02,15183.0,2103.0
916939042955,46178.759999999995,4617.875999999999,9365.06,0.0,10,1970-09-21,2021-05-20,19919.0,1415.0
916941975480,40944.41,4094.4410000000003,8181.67,0.0,10,1971-09-25,2019-03-04,19550.0,2223.0
916943239974,12656.630000000001,4218.876666666667,8054.84,928.45,3,2010-01-08,2010-01-08,5565.0,5565.0
916948277118,42331.19,4703.4655555555555,8391.14,1855.72,9,1973-07-10,2021-12-07,18896.0,1214.0
916949324089,29929.14,4275.591428571429,8599.16,583.83,7,1973-11-04,2008-12-27,18779.0,5942.0
916954571559,27352.760000000002,3907.537142857143,7872.09,0.0,7,1971-08-01,2015-11-03,19605.0,3440.0
916955345537,41324.6,5903.5142857142855,8351.18,1708.5,7,2002-02-04,2015-08-30,8460.0,3505.0
916961084962,18675.350000000002,3112.558333333334,8516.2,347.09,6,1970-05-02,2017-01-31,20061.0,2985.0
916963110410,25838.87,3229.85875,5986.91,330.08,8,1970-09-12,2024-12-22,19928.0,103.0
916963124353,18120.91,3624.182,7165.62,310.43,5,2009-12-12,2009-12-12,5592.0,5592.0
916981049082,37179.27,6196.544999999999,8592.01,3516.53,6,1972-09-12,2022-07-19,19197.0,990.0
916983753977,46839.54,4683.954,9405.23,671.54,10,1988-02-01,2023-06-08,13577.0,666.0
916994167107,32038.46,6407.692,9809.56,386.63,5,1977-02-11,2016-05-08,17584.0,3253.0
916997050893,14564.66,4854.886666666666,7357.91,2977.14,3,1988-02-03,2002-08-17,13575.0,8266.0
916999705716,44110.32,6301.4742857142855,9944.89,1947.72,7,1982-09-11,2020-12-14,15546.0,1572.0
917000721711,23896.730000000003,3413.818571428572,9597.87,1050.96,7,1975-02-08,2020-09-23,18318.0,1654.0
917006479526,33394.22,5565.703333333334,8966.79,3024.84,6,2001-11-19,2024-05-11,8537.0,328.0
917012074766,57697.619999999995,6410.846666666666,9930.89,0.0,9,1974-12-24,2022-07-03,18364.0,1006.0
917013592436,49580.51,5508.945555555556,9789.12,0.0,9,1972-09-10,2007-05-07,19199.0,6542.0
917014096062,39494.83,4388.314444444444,9873.17,1030.87,9,1976-12-11,2010-08-27,17646.0,5334.0
917020657023,20761.88,6920.626666666667,8483.95,4194.85,3,2002-03-16,2006-06-19,8420.0,6864.0
917025985237,10594.289999999999,3531.43,7078.24,1603.94,3,1970-10-01,2013-11-19,19909.0,4154.0
917027774780,30500.690000000002,5083.448333333334,8676.68,1175.33,6,1990-02-13,2021-10-08,12834.0,1274.0
917027918636,7706.84,1926.71,6486.84,0.0,4,1992-01-17,2015-11-05,12131.0,3438.0
917032089545,22860.63,5715.1575,9537.99,3497.4,4,1983-01-05,2007-07-19,15430.0,6469.0
917034356087,41776.299999999996,5968.0428571428565,8865.39,1669.61,7,1970-06-21,2017-03-23,20011.0,2934.0
917039116218,15352.63,2558.7716666666665,9543.11,0.0,6,1979-02-28,2025-02-21,16837.0,42.0
917039116361,49998.55,4999.8550000000005,8899.88,1400.77,10,1988-02-06,2013-03-22,13572.0,4396.0
917041929790,36869.11,6144.8516666666665,9952.64,1644.57,6,1976-04-23,2018-07-03,17878.0,2467.0
917051802512,28437.879999999997,4062.5542857142855,6884.15,328.02,7,1976-04-12,2023-10-10,17889.0,542.0
917052811909,34004.29,3778.2544444444447,9174.06,196.72,9,1970-05-03,2018-07-05,20060.0,2465.0
917059096258,40526.72,5789.5314285714285,9672.95,1017.81,7,1974-02-16,2024-10-13,18675.0,173.0
917063239503,16212.849999999999,4053.2124999999996,9852.39,0.0,4,1979-04-02,2004-05-11,16804.0,7633.0
917064746525,31048.66,5174.776666666667,9442.28,1981.37,6,1971-07-17,2008-09-14,19620.0,6046.0
917065354117,49651.78,5516.864444444444,8189.93,2666.19,9,1970-01-05,2020-04-26,20178.0,1804.0
917066091571,33104.84,5517.473333333332,9988.25,1819.85,6,1980-05-27,2022-06-17,16383.0,1022.0
917078557553,33923.29,3392.329,8677.75,230.51,10,1976-10-31,2013-11-12,17687.0,4161.0
917087974350,43800.759999999995,4866.751111111111,9255.47,0.0,9,1975-12-05,2015-11-01,18018.0,3442.0
917111626210,48086.88,4808.688,9750.07,0.0,10,1984-07-18,2017-02-02,14870.0,2983.0
917117407868,37065.82,4118.424444444445,9925.55,630.77,9,1970-05-20,2022-03-04,20043.0,1127.0
917119980130,23497.29,5874.3225,7209.57,4171.56,4,2002-03-21,2016-07-05,8415.0,3195.0
917120016279,28807.34,3600.9175,8150.04,0.0,8,1976-12-04,2007-08-14,17653.0,6443.0
917123362233,44211.97,6315.995714285715,9986.79,2305.68,7,1975-05-01,2002-07-17,18236.0,8297.0
917131247330,12144.650000000001,2024.1083333333336,8734.12,0.0,6,1987-12-08,2021-01-30,13632.0,1525.0
917136646449,37202.33,4133.5922222222225,9368.09,0.0,9,1970-02-17,2021-06-10,20135.0,1394.0
917137651678,43127.229999999996,5390.9037499999995,9508.57,1462.15,8,1970-09-19,2011-03-03,19921.0,5146.0
917138264176,41390.26,4598.917777777778,7854.37,972.55,9,1972-05-02,2022-12-09,19330.0,847.0
917139078760,46222.2,4622.219999999999,8592.39,635.66,10,1971-09-23,2015-03-29,19552.0,3659.0
917140169349,8748.79,1749.7580000000003,4018.84,0.0,5,1986-03-26,2006-02-16,14254.0,6987.0
917146660997,20681.55,3446.9249999999997,6732.78,1089.19,6,1972-08-14,2012-06-05,19226.0,4686.0
917146731886,14399.710000000001,4799.903333333334,8879.85,0.0,3,2017-05-31,2018-03-29,2865.0,2563.0
917146997816,32602.600000000002,3622.5111111111114,8152.25,0.0,9,1982-02-14,2020-09-17,15755.0,1660.0
917148782098,40287.299999999996,5755.328571428571,9937.64,1912.61,7,1971-11-10,2023-05-07,19504.0,698.0
917152750071,42164.35,5270.54375,7927.09,1585.89,8,1974-01-20,2016-04-20,18702.0,3271.0
917152798401,44728.83,6389.832857142857,9399.85,609.99,7,2002-12-23,2024-11-04,8138.0,151.0
917154131362,17228.11,3445.6220000000003,7986.63,151.59,5,1971-05-31,2024-02-29,19667.0,400.0
917168041588,44792.909999999996,4479.290999999999,9572.17,0.0,10,1970-12-24,2008-08-29,19825.0,6062.0
917172248246,26951.28,3368.91,8612.97,0.0,8,1977-04-27,2007-12-29,17509.0,6306.0
917173687378,15680.36,3920.09,7822.22,0.0,4,1981-12-08,2019-12-12,15823.0,1940.0
917173930637,20105.94,3350.99,7643.63,0.0,6,1974-11-26,2021-09-01,18392.0,1311.0
917179714407,30084.8,5014.133333333333,8997.16,0.0,6,1974-05-02,2004-08-11,18600.0,7541.0
917180484299,26029.23,3253.65375,8576.86,0.0,8,1972-06-09,2017-06-28,19292.0,2837.0
917182894728,26676.48,6669.12,8306.07,3031.37,4,1983-01-22,2017-12-16,15413.0,2666.0
917186473561,49112.770000000004,4911.277,8934.12,0.0,10,1970-08-23,2022-03-10,19948.0,1121.0
917186564497,33772.21,5628.701666666667,8363.33,3233.34,6,1986-05-27,2020-02-19,14192.0,1871.0
917187486518,36581.27,5225.895714285713,9361.64,0.0,7,1978-08-07,2024-08-29,17042.0,218.0
917191714875,40855.1,4539.455555555555,9832.17,0.0,9,1980-01-06,2013-11-02,16525.0,4171.0
917194675791,54790.49,5479.049,9980.79,1138.77,10,1970-07-11,2024-09-24,19991.0,192.0
917196050747,27849.91,3481.23875,7026.46,0.0,8,1976-08-13,2018-11-11,17766.0,2336.0
917201474778,28490.64,3561.33,8394.02,113.93,8,1985-02-10,2019-02-17,14663.0,2238.0
917201628712,42503.7,4722.633333333333,9232.02,0.0,9,1976-07-13,2019-10-17,17797.0,1996.0
917215018687,53989.95,5398.995,9163.86,362.41,10,1973-03-20,2024-09-01,19008.0,215.0
917233708056,23798.309999999998,5949.577499999999,7892.75,4664.41,4,1987-07-02,2005-03-15,13791.0,7325.0
917236045959,34147.14,3414.714,9061.44,0.0,10,1972-12-04,2024-10-02,19114.0,184.0
917248029429,38967.18,3896.718,8818.02,0.0,10,1971-03-05,2018-12-15,19754.0,2302.0
917250949136,46863.24,5207.026666666667,9302.26,1845.53,9,1975-08-02,2018-09-05,18143.0,2403.0
917251258015,35351.78,3535.178,9888.66,166.25,10,1982-08-23,2014-04-14,15565.0,4008.0
917253535854,36829.8,4603.725,7592.31,1184.22,8,1980-04-20,2024-11-20,16420.0,135.0
917259191105,12690.53,4230.176666666667,5710.6,1990.0,3,1975-03-31,2024-09-17,18267.0,199.0
917263732197,32678.48,6535.696,9910.18,678.88,5,2008-01-10,2020-05-17,6294.0,1783.0
917267489756,38689.25,4836.15625,9949.15,252.27,8,1974-09-04,2024-08-04,18475.0,243.0
917267841227,29397.21,3674.65125,8857.35,408.76,8,1975-10-23,2019-05-17,18061.0,2149.0
917270417388,21402.300000000003,5350.575000000001,7603.01,2902.27,4,1998-05-24,2018-07-25,9812.0,2445.0
917272368870,19636.75,3927.35,7191.49,1500.95,5,1996-12-18,2022-04-04,10334.0,1096.0
917281459294,36973.4,5281.914285714286,8597.11,2145.24,7,1981-02-17,2001-04-20,16117.0,8750.0
917281944343,16037.670000000002,5345.89,8848.78,1663.96,3,1987-03-03,1998-12-08,13912.0,9614.0
917282044148,46919.31,5864.91375,9914.62,1626.0,8,1971-03-29,2023-02-13,19730.0,781.0
917282531582,23342.24,5835.56,8375.15,3005.38,4,1972-02-14,1993-05-19,19408.0,11643.0
917285201700,43954.53,4883.836666666666,9874.13,0.0,9,1982-04-29,2004-03-26,15681.0,7679.0
917289326948,27557.53,5511.505999999999,9313.98,0.0,5,2000-02-18,2020-02-06,9177.0,1884.0
917290641764,19831.71,3305.285,9319.6,497.83,6,1970-02-11,2018-09-28,20141.0,2380.0
917292569882,26919.660000000003,4486.610000000001,9098.39,680.59,6,1997-01-12,2016-12-31,10309.0,3016.0
917296068379,24667.52,4933.504,9804.98,350.62,5,1970-12-09,2019-07-31,19840.0,2074.0
917296502486,21980.510000000002,5495.1275000000005,9042.56,831.66,4,1976-12-01,2019-08-20,17656.0,2054.0
917305280521,19734.76,3946.9519999999998,9901.47,1871.17,5,1976-03-26,2020-11-20,17906.0,1596.0
917316935719,18588.91,3717.782,9613.59,0.0,5,1977-01-16,2024-12-12,17610.0,113.0
917323959527,10087.15,2521.7875,4694.28,794.12,4,1989-05-27,2009-10-28,13096.0,5637.0
917328390707,24901.73,4980.346,9175.61,269.15,5,2005-06-05,2016-11-09,7243.0,3068.0
917329154472,21807.25,3634.5416666666665,9094.15,0.0,6,1972-12-16,2018-02-20,19102.0,2600.0
917331765783,26743.02,4457.17,9550.57,236.87,6,1973-11-08,2020-06-16,18775.0,1753.0
917338472296,33753.49,5625.581666666666,9882.96,389.21,6,1983-11-11,1997-11-06,15120.0,10011.0
917348762713,31331.719999999998,4475.96,8278.39,0.0,7,1976-01-25,2021-06-29,17967.0,1375.0
917360049298,54319.7,6035.522222222222,8298.23,3591.35,9,1975-11-02,2000-08-16,18051.0,8997.0
917368878709,17657.79,5885.93,9831.21,2923.82,3,1998-04-10,2003-06-23,9856.0,7956.0
917372322277,16931.17,5643.723333333332,6464.59,4767.0,3,1982-09-23,2001-05-03,15534.0,8737.0
917374110948,6961.719999999999,2320.5733333333333,4147.41,836.73,3,1985-04-27,2015-05-31,14587.0,3596.0
917382308441,51166.99,7309.57,9584.44,3135.14,7,1972-09-27,1999-12-16,19182.0,9241.0
917389803385,14764.289999999999,3691.0724999999998,5401.95,453.62,4,1981-03-10,2019-11-12,16096.0,1970.0
917391874847,25314.53,4219.088333333333,7978.76,0.0,6,1978-08-18,2020-09-22,17031.0,1655.0
917408405265,16839.3,2806.5499999999997,6872.2,0.0,6,1987-09-25,2020-08-28,13706.0,1680.0
917409874348,18298.61,6099.536666666667,8771.08,862.86,3,1970-12-16,1992-06-25,19833.0,11971.0
917410235649,40286.54,4476.282222222222,9756.56,292.9,9,1971-02-24,2023-06-14,19763.0,660.0
917419931729,17417.72,4354.43,9747.64,924.34,4,1981-09-29,2012-08-12,15893.0,4618.0
917421919938,32619.059999999998,3261.906,8429.33,457.76,10,1970-11-22,2021-03-21,19857.0,1475.0
917422663210,23749.53,3958.2549999999997,9281.83,397.27,6,1983-06-11,2008-07-26,15273.0,6096.0
917422796478,34425.64,4303.205,8635.85,412.63,8,1970-09-18,2010-03-02,19922.0,5512.0
917426862057,39067.32,4883.415,7933.89,545.46,8,1992-04-29,2015-06-04,12028.0,3592.0
917428156550,11189.56,3729.853333333333,9215.54,562.3,3,2000-03-30,2014-05-07,9136.0,3985.0
917432410914,27754.05,4625.675,6695.54,1218.59,6,1972-11-05,2022-06-19,19143.0,1020.0
917432614422,16884.74,4221.185,6688.91,1360.72,4,1979-10-30,2017-04-24,16593.0,2902.0
917449827559,52242.02,5804.668888888888,9485.81,382.25,9,1971-05-14,2023-10-31,19684.0,521.0
917450065086,15522.5,3104.5,6142.64,0.0,5,1983-10-22,2007-08-11,15140.0,6446.0
917461115950,31922.85,5320.474999999999,8780.56,2889.49,6,1974-10-03,2020-09-06,18446.0,1671.0
917463320861,36682.84,5240.405714285714,8903.88,0.0,7,1983-02-03,2020-11-09,15401.0,1607.0
917463957634,36166.64,3616.6639999999998,7746.01,1388.12,10,1975-07-22,2022-07-04,18154.0,1005.0
917472567340,25170.2,5034.04,7042.69,3733.81,5,1974-11-01,2024-12-08,18417.0,117.0
917479740208,22285.93,4457.186,6978.2,469.58,5,1984-03-05,2011-09-29,15005.0,4936.0
917487878460,43815.54,7302.59,9961.46,1618.77,6,1980-03-14,2021-05-07,16457.0,1428.0
917489087190,29181.0,3647.625,9953.73,0.0,8,1973-06-19,2025-01-28,18917.0,66.0
917493660313,30027.65,7506.9125,9580.04,3536.78,4,1985-06-25,2020-01-21,14528.0,1900.0
917498098234,40981.02,5122.6275,8805.72,169.39,8,1979-01-23,2017-12-10,16873.0,2672.0
917503068227,36727.84,3672.7839999999997,8232.1,0.0,10,1978-06-07,2021-05-12,17103.0,1423.0
917509834067,13780.56,3445.14,6427.86,957.68,4,1992-05-11,2024-11-21,12016.0,134.0
917512585138,23102.239999999998,3850.373333333333,9455.98,0.0,6,1976-01-28,2021-03-21,17964.0,1475.0
917513206988,34156.36,5692.7266666666665,9968.69,3079.89,6,1992-02-02,2013-03-16,12115.0,4402.0
917515333350,17083.42,4270.855,6263.74,1418.36,4,1973-07-19,1984-11-23,18887.0,14742.0
917515672889,20223.59,5055.8975,7618.54,356.17,4,1995-05-17,2005-07-10,10915.0,7208.0
917518692176,37025.2,4628.15,9255.33,0.0,8,1975-09-13,2022-03-20,18101.0,1111.0
917519038154,41747.770000000004,4174.777,9086.35,0.0,10,1976-12-23,2022-09-01,17634.0,946.0
917521696479,27631.449999999997,3453.9312499999996,9594.57,0.0,8,1975-09-16,1996-10-29,18098.0,10384.0
917523961606,9701.84,3233.9466666666667,6669.06,0.0,3,1985-10-02,2005-01-17,14429.0,7382.0
917524751277,26034.39,5206.878,9979.75,1813.57,5,1976-11-20,1995-11-20,17667.0,10728.0
917533897596,19310.37,6436.79,9832.4,3102.92,3,2005-03-08,2023-10-11,7332.0,541.0
917537965898,35584.51,4448.06375,9962.28,0.0,8,1975-02-13,2024-02-09,18313.0,420.0
917544167403,45009.0,5626.125,9805.83,569.55,8,1985-06-09,2024-03-04,14544.0,396.0
917547110201,18759.16,3126.5266666666666,4721.55,0.0,6,1971-08-05,2018-12-25,19601.0,2292.0
917548058189,38249.55,5464.221428571429,9781.23,2764.66,7,1972-01-22,2006-04-08,19431.0,6936.0
917549748436,39986.6,4442.955555555555,9745.12,1227.02,9,1986-07-04,2021-03-30,14154.0,1466.0
917554945552,30421.6,7605.4,9999.56,3521.26,4,1972-05-21,2007-12-14,19311.0,6321.0
917563267151,28585.0,4764.166666666667,7020.92,2145.82,6,1975-12-20,2015-11-04,18003.0,3439.0
917570267413,39115.229999999996,5587.889999999999,9243.64,3592.14,7,1972-05-11,2022-05-29,19321.0,1041.0
917575659319,51539.28,5153.928,8672.21,298.87,10,1971-05-08,2020-05-12,19690.0,1788.0
917576038028,37065.38,4633.1725,9529.44,770.79,8,1975-02-05,2021-02-05,18321.0,1519.0
917578665411,39683.31,4960.41375,9852.82,348.35,8,1977-09-22,2017-11-06,17361.0,2706.0
917585770584,45473.479999999996,5052.608888888888,9997.72,0.0,9,1973-09-15,2021-02-09,18829.0,1515.0
917593482331,32095.82,4011.9775,6343.99,1159.55,8,1977-12-03,2023-04-01,17289.0,734.0
917597785308,32820.58,5470.096666666667,9709.72,802.12,6,1980-01-29,2015-12-17,16502.0,3396.0
917603337351,51149.46,5114.946,9386.01,143.91,10,1974-01-14,2018-06-09,18708.0,2491.0
917604706474,27296.55,4549.425,8679.1,360.91,6,1982-11-20,2015-08-31,15476.0,3504.0
917608297407,25854.96,5170.992,9937.64,120.58,5,1970-05-15,2023-09-08,20048.0,574.0
917612446667,31226.95,5204.491666666667,8120.2,138.34,6,1972-03-31,2021-02-20,19362.0,1504.0
917619924126,46116.97,6588.138571428572,9228.52,3845.73,7,1973-01-28,1989-10-07,19059.0,12963.0
917619930972,27724.12,4620.6866666666665,6446.75,1341.92,6,1989-09-08,2023-12-10,12992.0,481.0
917626558140,12202.79,3050.6975,5443.01,107.56,4,1971-09-02,1996-06-27,19573.0,10508.0
917627746667,38760.82,5537.26,9475.55,210.64,7,1976-11-21,2016-11-26,17666.0,3051.0
917628238707,19331.46,3866.292,8491.57,1551.27,5,1978-06-19,2005-08-22,17091.0,7165.0
917628980027,52058.7,5205.87,8954.94,231.11,10,1976-11-04,2024-04-18,17683.0,351.0
917629748727,18067.61,3613.522,6722.03,438.81,5,1981-01-15,2019-10-02,16150.0,2011.0
917632905061,28871.43,4811.905,9484.61,0.0,6,1979-04-27,2023-03-07,16779.0,759.0
917635825546,34096.59,4870.941428571428,9935.06,326.48,7,1980-11-08,2022-11-21,16218.0,865.0
917637982876,59554.32,6617.1466666666665,9302.19,455.23,9,1971-09-22,2008-10-31,19553.0,5999.0
917644847276,18618.7,3723.7400000000002,6263.73,196.56,5,1978-01-15,2016-07-29,17246.0,3171.0
917645272822,30611.149999999998,5101.858333333333,9384.15,325.12,6,1987-04-15,2014-08-24,13869.0,3876.0
917649910946,16078.51,3215.702,7790.29,728.85,5,1972-10-05,1995-05-17,19174.0,10915.0
917652244897,10144.64,3381.5466666666666,6595.63,1397.25,3,2000-04-29,2020-09-22,9106.0,1655.0
917664534549,31638.699999999997,4519.814285714286,9837.0,231.38,7,1974-12-29,2017-01-04,18359.0,3012.0
917668084889,38753.09,6458.848333333332,9640.99,3692.82,6,1971-10-10,2000-05-27,19535.0,9078.0
917669192918,29910.7,4272.957142857143,9576.84,0.0,7,1982-07-25,2009-07-29,15594.0,5728.0
917672790155,13608.93,4536.31,6813.3,0.0,3,1996-09-18,2025-02-25,10425.0,38.0
917676848676,53727.98,5372.798000000001,9734.69,447.49,10,1971-09-09,2020-07-04,19566.0,1735.0
917676986013,16745.739999999998,4186.4349999999995,8433.01,0.0,4,1975-10-27,2012-05-05,18057.0,4717.0
917679300279,40595.92,4510.6577777777775,9772.6,0.0,9,1973-03-06,2023-09-04,19022.0,578.0
917681915310,26165.57,2907.2855555555557,8073.2,0.0,9,1970-10-25,2016-08-24,19885.0,3145.0
917687643539,53656.0,5365.6,8306.6,0.0,10,1974-11-05,2024-06-02,18413.0,306.0
917687718878,11686.48,3895.4933333333333,8057.38,0.0,3,1994-04-24,1994-04-24,11303.0,11303.0
917691803583,26618.41,5323.682,8947.85,1307.56,5,1972-01-07,2007-01-12,19446.0,6657.0
917692568000,16889.969999999998,4222.492499999999,9540.89,2045.96,4,1980-01-13,2022-07-10,16518.0,999.0
917694503971,34177.66,6835.532000000001,9736.16,1612.7,5,1973-09-22,2016-05-21,18822.0,3240.0
917697643337,39047.77,6507.961666666666,9276.06,2841.08,6,1979-11-27,2013-07-03,16565.0,4293.0
917699887270,39421.79,4927.72375,8767.7,662.24,8,1984-08-14,2023-08-31,14843.0,582.0
917705078697,30029.24,6005.848,8844.54,3074.95,5,1971-12-12,2004-11-05,19472.0,7455.0
917710084067,50412.69,5041.269,8923.77,0.0,10,1991-05-06,2020-01-20,12387.0,1901.0
917710425977,39992.9,3999.29,8369.29,0.0,10,1989-05-06,2023-10-15,13117.0,537.0
917719061621,23568.17,3928.028333333333,6791.38,0.0,6,1977-03-18,2013-08-23,17549.0,4242.0
917719918855,38119.51,5445.644285714286,8009.3,822.47,7,1971-05-05,2000-05-25,19693.0,9080.0
917725373847,35896.82,5982.803333333333,9339.4,2245.71,6,1978-06-02,2016-06-06,17108.0,3224.0
917727768349,17682.26,4420.565,7706.34,746.94,4,1981-10-18,2009-03-13,15874.0,5866.0
917728296502,29220.3,4870.05,9685.63,1875.9,6,1977-09-29,2020-03-04,17354.0,1857.0
917732061472,19543.440000000002,3257.2400000000002,8737.83,639.21,6,1973-03-20,2024-11-06,19008.0,149.0
917732561822,50188.82,5576.535555555555,9703.93,0.0,9,1971-07-20,2013-09-16,19617.0,4218.0
917735589535,7788.959999999999,2596.3199999999997,3119.24,1730.06,3,1973-04-07,2019-09-05,18990.0,2038.0
917735918651,31875.23,5312.538333333333,9242.03,196.0,6,1974-03-31,2023-03-03,18632.0,763.0
917736983049,50237.92,5581.9911111111105,9468.25,1353.57,9,1981-01-04,2017-03-17,16161.0,2940.0
917737739017,62790.91,6279.091,9944.01,315.97,10,1975-04-25,2020-11-05,18242.0,1611.0
917745595491,20133.84,4026.768,7390.31,1183.32,5,1982-10-22,2023-04-12,15505.0,723.0
917752306681,33431.95,4775.992857142856,9919.08,419.83,7,1978-05-22,2013-07-15,17119.0,4281.0
917753459822,68288.7,6828.87,9536.43,3139.04,10,1980-10-20,2017-11-13,16237.0,2699.0
917753617371,26940.78,2993.42,9401.56,127.56,9,1988-12-12,2023-06-28,13262.0,646.0
917757218651,45536.62,6505.231428571429,9052.86,2804.69,7,1974-05-04,2017-07-01,18598.0,2834.0
917758503592,42870.42,4287.0419999999995,6828.32,0.0,10,1970-02-04,2021-12-01,20148.0,1220.0
917760844750,44043.57,4893.73,9977.9,1221.54,9,1972-12-10,2023-04-09,19108.0,726.0
917781968664,19689.52,4922.38,6938.26,3302.05,4,1973-09-11,2013-03-30,18833.0,4388.0
917784234958,16164.75,5388.25,8845.22,775.0,3,1980-06-30,2016-02-23,16349.0,3328.0
917787453807,21706.46,4341.2919999999995,7510.42,737.39,5,1983-07-17,1992-09-07,15237.0,11897.0
917788887661,20067.82,4013.564,5910.62,757.02,5,2009-09-08,2022-01-22,5687.0,1168.0
917789226605,38590.37,5512.910000000001,9209.78,1759.38,7,1977-01-25,2024-09-27,17601.0,189.0
917800135697,29625.989999999998,4937.665,9830.05,1021.99,6,1971-09-18,2011-04-27,19557.0,5091.0
917800624665,30725.010000000002,5120.835,7209.52,1725.36,6,1979-01-07,2012-05-10,16889.0,4712.0
917801177461,29398.5,7349.625,9743.19,1615.71,4,1980-08-14,1998-07-13,16304.0,9762.0
917804138557,58237.55,5823.755,9522.9,0.0,10,1973-07-24,2019-05-12,18882.0,2154.0
917808620775,13820.599999999999,4606.866666666666,8798.88,353.56,3,1971-04-11,1998-03-11,19717.0,9886.0
917811967841,29485.670000000002,3685.7087500000002,9030.16,0.0,8,1972-01-23,2012-08-29,19430.0,4601.0
917813163240,36284.75,5183.535714285715,8780.0,654.34,7,1975-02-16,2017-08-17,18310.0,2787.0
917816803306,47689.65,5298.85,9182.81,654.23,9,1993-02-12,2019-12-24,11739.0,1928.0
917822393017,41888.58,4654.286666666667,9245.55,1177.98,9,1979-06-20,2020-08-24,16725.0,1684.0
917830154607,22674.47,5668.6175,9362.59,2650.75,4,1997-01-24,2017-03-16,10297.0,2941.0
917832937460,45545.26,5060.584444444445,8916.38,0.0,9,1975-12-28,2016-12-30,17995.0,3017.0
917834812535,36667.71,5238.244285714286,9761.37,0.0,7,1980-08-09,2002-12-17,16309.0,8144.0
917837384013,30127.27,3347.4744444444445,6865.11,0.0,9,1978-02-11,2023-02-16,17219.0,778.0
917838963536,39838.49,4426.498888888888,9820.71,2026.45,9,1971-05-06,2007-12-19,19692.0,6316.0
917840877826,36225.380000000005,6037.563333333334,8714.01,1406.09,6,1988-08-04,2020-04-28,13392.0,1802.0
917843934986,32177.149999999998,4022.1437499999997,9508.91,157.78,8,1981-01-23,2021-10-24,16142.0,1258.0
917849482575,42619.26,5327.4075,9835.59,709.82,8,1973-12-25,2014-09-02,18728.0,3867.0
917858906417,50352.13,5594.681111111111,9444.45,2393.07,9,1972-01-29,2023-01-06,19424.0,819.0
917867302554,22321.690000000002,2790.2112500000003,7206.14,0.0,8,1987-09-25,2024-12-02,13706.0,123.0
917878988236,27256.98,6814.245,9789.85,4770.09,4,1975-05-22,2001-01-04,18215.0,8856.0
917888670721,36134.68,4014.9644444444443,9801.44,478.97,9,1975-07-02,2019-02-23,18174.0,2232.0
917888766939,15079.69,3015.938,9138.92,0.0,5,1972-12-27,2021-09-07,19091.0,1305.0
917892740043,35196.42,5028.0599999999995,9222.44,622.03,7,1976-05-14,2013-10-08,17857.0,4196.0
917895655026,13667.27,3416.8175,5562.79,2391.02,4,2013-04-07,2013-04-07,4380.0,4380.0
917897669065,29394.72,5878.944,8430.11,3041.35,5,1991-11-28,2020-05-12,12181.0,1788.0
917899990924,37725.6,6287.599999999999,9855.22,4080.09,6,1976-01-05,2024-06-13,17987.0,295.0
917904523027,42397.85,5299.73125,9813.33,0.0,8,1977-12-22,2023-08-07,17270.0,606.0
917915604499,19405.27,4851.3175,9270.81,824.38,4,1984-03-10,2009-05-20,15000.0,5798.0
917916502228,24813.98,3544.8542857142857,6376.21,1295.16,7,1977-11-11,1980-08-05,17311.0,16313.0
917916728422,38627.92,4291.9911111111105,8717.23,0.0,9,1980-03-21,2017-07-06,16450.0,2829.0
917929811336,24331.37,4866.273999999999,8694.9,1186.5,5,1974-11-25,2010-02-06,18393.0,5536.0
917931591531,66283.74,6628.374000000001,9980.14,165.29,10,1981-04-14,2016-04-22,16061.0,3269.0
917933034905,33880.759999999995,5646.793333333332,8923.66,0.0,6,1970-11-10,2024-02-10,19869.0,419.0
917936179853,26553.48,6638.37,9022.46,3429.57,4,1975-05-03,1975-05-03,18234.0,18234.0
917938264714,51498.55,5149.8550000000005,9935.12,0.0,10,1970-01-29,2013-07-14,20154.0,4282.0
917940955281,26750.559999999998,3343.8199999999997,9403.05,167.36,8,1978-07-19,2007-06-28,17061.0,6490.0
917948692883,33169.18,4146.1475,7432.69,661.88,8,1988-02-28,2020-03-10,13550.0,1851.0
917951890759,56216.05,6246.227777777778,8508.88,2668.64,9,1973-12-20,2009-02-03,18733.0,5904.0
917955690228,40550.23,4505.581111111112,9601.34,989.96,9,1979-09-03,2023-08-18,16650.0,595.0
917964465977,37533.869999999995,7506.773999999999,9972.24,1766.03,5,1986-01-28,2017-05-02,14311.0,2894.0
917966500767,41938.47,4659.83,9783.19,1621.15,9,1970-04-17,2021-05-20,20076.0,1415.0
917967277638,27091.489999999998,5418.298,8203.73,531.42,5,1970-06-22,1999-07-09,20010.0,9401.0
917971381481,29489.74,4212.820000000001,9703.87,0.0,7,1976-09-10,2022-06-10,17738.0,1029.0
917973214822,51849.14,5761.015555555556,9549.12,1502.47,9,1974-09-12,2018-01-13,18467.0,2638.0
917974239820,36170.229999999996,6028.371666666666,9942.97,2465.69,6,1973-09-12,2024-07-14,18832.0,264.0
917974629461,26008.36,3251.045,9706.69,0.0,8,1974-08-22,2016-09-29,18488.0,3109.0
917979958124,30452.98,6090.596,9238.53,2086.73,5,1971-04-17,2013-11-04,19711.0,4169.0
917984507492,61945.71,6194.571,9050.63,272.36,10,1979-05-23,2015-07-23,16753.0,3543.0
917993803105,25680.87,2568.087,5995.6,0.0,10,1970-06-07,2024-01-05,20025.0,455.0
917997109065,43347.34,4334.7339999999995,9905.84,0.0,10,1971-04-07,2008-03-13,19721.0,6231.0
918010133918,20249.64,2531.205,4122.47,1229.56,8,1976-05-29,2021-09-20,17842.0,1292.0
918011467975,41468.98,5183.6225,9499.41,802.7,8,1977-12-25,2024-03-10,17267.0,390.0
918016446001,23707.760000000002,3951.2933333333335,8130.71,126.01,6,1986-10-30,2023-02-22,14036.0,772.0
918017235435,57718.75,5771.875,8900.28,2369.48,10,1970-06-13,2017-10-23,20019.0,2720.0
918018679284,12361.87,4120.623333333334,9237.78,149.74,3,1980-07-08,2009-09-01,16341.0,5694.0
918020785643,23581.36,3930.226666666667,9417.09,0.0,6,1974-01-20,1991-05-10,18702.0,12383.0
918027530378,34362.58,4295.3225,9166.87,686.0,8,1970-04-10,2012-08-28,20083.0,4602.0
918028168523,27119.17,6779.7925,8550.99,4264.59,4,1989-05-25,1999-04-03,13098.0,9498.0
918033747850,47271.19,4727.119000000001,9521.36,199.32,10,1987-02-09,2019-02-19,13934.0,2236.0
918036231979,26294.8,4382.466666666666,7861.51,657.61,6,1973-09-24,2010-03-21,18820.0,5493.0
918038349447,21204.0,2650.5,6234.06,353.72,8,1980-05-12,2022-09-02,16398.0,945.0
918039496086,29903.03,4271.861428571428,9933.3,224.93,7,1974-12-15,2011-05-24,18373.0,5064.0
918042258186,23297.41,5824.3525,8882.26,868.15,4,1973-06-11,2019-03-08,18925.0,2219.0
918051831252,31177.78,6235.556,8613.37,1102.45,5,1970-01-30,2017-06-27,20153.0,2838.0
918052947074,26491.77,4415.295,9813.44,0.0,6,1994-08-26,2021-09-20,11179.0,1292.0
918054046672,8481.35,1413.5583333333334,3452.44,257.53,6,1970-12-09,2021-06-02,19840.0,1402.0
918064121137,29190.079999999998,5838.016,9744.8,3972.62,5,1972-07-25,2019-08-14,19246.0,2060.0
918069520666,34166.64,6833.3279999999995,9690.88,3896.13,5,1972-03-12,2016-12-13,19381.0,3034.0
918073486033,56145.26,7018.1575,9611.72,3036.11,8,1971-06-08,2014-07-19,19659.0,3912.0
918080230418,19116.46,4779.115,9493.03,1811.32,4,1996-07-06,2015-10-31,10499.0,3443.0
918080741273,11090.96,3696.986666666666,9363.64,0.0,3,1991-03-31,1991-03-31,12423.0,12423.0
918087313121,7220.9400000000005,1805.2350000000001,3018.3,0.0,4,2012-06-06,2023-02-08,4685.0,786.0
918092508149,34397.05,4913.864285714286,9965.52,1336.11,7,1984-07-07,2017-06-09,14881.0,2856.0
918098948446,15224.8,3044.96,5164.82,1430.81,5,1970-03-19,2000-12-26,20105.0,8865.0
918102996505,45175.81,5019.5344444444445,9075.66,335.15,9,1977-06-07,2014-11-14,17468.0,3794.0
918109688769,7886.030000000001,2628.6766666666667,4117.47,0.0,3,1978-08-07,2001-03-25,17042.0,8776.0
918115806625,12874.82,2574.964,3606.99,1407.45,5,1971-06-27,2016-02-09,19640.0,3342.0
918118967967,43275.89,4808.432222222222,8895.84,0.0,9,1971-06-10,2024-11-14,19657.0,141.0
918120834317,14664.95,4888.316666666667,6783.74,1625.64,3,1990-10-06,2001-05-02,12599.0,8738.0
918123333781,35484.22,4435.5275,8716.69,788.38,8,1973-11-03,2024-04-28,18780.0,341.0
918124784519,10482.68,3494.226666666667,7632.46,0.0,3,,,,
918136846691,37279.14,4659.8925,9234.24,388.44,8,1980-01-29,1995-07-21,16502.0,10850.0
918140852855,53545.05,5949.450000000001,9426.41,579.49,9,1973-10-17,2005-03-27,18797.0,7313.0
918142452709,40442.45,5777.492857142856,8549.42,517.97,7,1970-05-11,2024-09-30,20052.0,186.0
918142723159,21841.98,3120.282857142857,5155.38,1747.87,7,1972-05-03,2022-06-08,19329.0,1031.0
918144181937,54393.13,5439.313,9932.01,239.76,10,1974-09-05,2011-01-01,18474.0,5207.0
918146750150,39650.33,4405.5922222222225,9866.76,360.83,9,1976-05-20,2021-10-07,17851.0,1275.0
918150888898,25081.39,2786.821111111111,6469.76,0.0,9,1980-03-13,2019-12-05,16458.0,1947.0
918153356179,29911.57,4273.081428571429,9269.47,138.22,7,1971-06-21,2015-09-29,19646.0,3475.0
918156249415,48862.54,6107.8175,9244.84,2294.78,8,1994-01-20,2020-06-29,11397.0,1740.0
918159668272,34879.990000000005,4359.998750000001,9217.53,0.0,8,1979-08-10,2007-03-04,16674.0,6606.0
918159967797,53106.31,6638.28875,9452.6,2294.05,8,1984-06-25,2010-05-10,14893.0,5443.0
918164216179,45547.29,4554.729,8312.23,0.0,10,1986-05-01,2023-09-14,14218.0,568.0
918165761020,18722.89,4680.7225,9957.1,858.15,4,1992-07-06,2006-09-26,11960.0,6765.0
918185002745,48381.26,4838.126,9993.07,0.0,10,1988-04-26,2004-02-07,13492.0,7727.0
918185386258,17288.32,4322.08,6045.68,3010.5,4,1970-05-10,2022-03-14,20053.0,1117.0
918188382776,10903.82,2725.955,5619.99,394.23,4,1973-07-03,1996-05-19,18903.0,10547.0
918192045446,49575.82,6196.9775,8924.05,1271.41,8,1974-05-23,2023-08-14,18579.0,599.0
918192202822,38544.54,4818.0675,6949.54,2979.26,8,1986-03-14,2012-05-17,14266.0,4705.0
918193337732,45954.89,4595.489,9276.84,0.0,10,1997-09-13,2024-12-29,10065.0,96.0
918200916676,19534.579999999998,3906.9159999999997,9574.56,0.0,5,1976-03-15,2013-06-02,17917.0,4324.0
918204526134,48097.64,6871.091428571429,8700.89,5568.12,7,1981-05-12,2020-03-14,16033.0,1847.0
918210726347,25822.38,3227.7975,9904.92,0.0,8,1978-05-29,2017-07-25,17112.0,2810.0
918211822827,31216.059999999998,4459.437142857142,7846.4,898.33,7,1979-10-04,2021-03-09,16619.0,1487.0
918215233002,29687.920000000002,7421.9800000000005,9433.06,4971.72,4,1970-06-07,2017-11-23,20025.0,2689.0
918215813941,30515.94,4359.42,8751.33,0.0,7,1988-07-08,2021-03-28,13419.0,1468.0
918228649039,15415.04,3853.76,8551.62,500.18,4,1992-02-17,2015-12-27,12100.0,3386.0
918229516148,26283.559999999998,3285.4449999999997,5509.55,564.51,8,1982-05-28,2024-01-23,15652.0,437.0
918230517007,7388.74,2462.9133333333334,2876.27,2195.17,3,1978-08-07,1999-03-16,17042.0,9516.0
918234621711,22507.31,3751.2183333333337,9383.91,194.41,6,1973-08-13,2024-05-29,18862.0,310.0
918240885202,23908.03,5977.0075,7768.28,3375.27,4,1970-01-12,2025-01-05,20171.0,89.0
918244431947,48978.41,4897.841,9337.19,339.32,10,1971-11-14,2017-02-12,19500.0,2973.0
918250857309,45364.54,5040.504444444445,9946.98,291.61,9,1974-06-26,2023-05-14,18545.0,691.0
918259520140,11320.34,2830.085,5899.58,243.52,4,1985-01-05,2012-08-16,14699.0,4614.0
918266341635,50296.71,5029.671,9972.25,210.81,10,1976-11-27,2024-03-24,17660.0,376.0
918268486276,26421.510000000002,3302.6887500000003,8316.6,1325.39,8,1973-04-08,2005-03-31,18989.0,7309.0
918273831457,12521.69,2504.338,6337.59,530.87,5,1977-11-06,2020-07-19,17316.0,1720.0
918278515709,67513.22,6751.322,9984.52,1152.88,10,1975-02-10,2020-12-02,18316.0,1584.0
918281169403,43900.97,5487.62125,9270.88,0.0,8,1974-09-25,2024-12-03,18454.0,122.0
918281194061,26710.5,4451.75,7866.76,783.13,6,1975-04-02,2018-05-19,18265.0,2512.0
918281341978,11354.11,1622.0157142857145,4941.03,0.0,7,1971-09-01,2015-02-02,19574.0,3714.0
918287423767,13362.95,3340.7375,6318.01,244.85,4,1989-12-10,2002-07-02,12899.0,8312.0
918292009846,4858.92,1619.64,2656.91,1025.17,3,1992-07-16,2013-11-17,11950.0,4156.0
918292179207,21284.17,4256.834,9095.81,1107.56,5,1983-04-20,2010-12-25,15325.0,5214.0
918292578829,40230.07,4470.007777777778,7202.84,853.84,9,1971-11-16,2016-09-20,19498.0,3118.0
918294092753,54568.32,6063.1466666666665,9360.59,0.0,9,1972-11-07,2018-01-04,19141.0,2647.0
918296240256,27058.230000000003,4509.705000000001,8373.95,1436.86,6,1999-10-25,2020-12-24,9293.0,1562.0
918296662600,16198.04,2699.6733333333336,9951.81,0.0,6,2014-07-15,2016-07-14,3916.0,3186.0
918300016872,37334.36,4148.262222222223,9998.15,0.0,9,1971-03-09,2008-03-14,19750.0,6230.0
918306270004,7027.61,1756.9025,3126.55,532.15,4,1988-04-19,2020-04-19,13499.0,1811.0
918306551869,14729.150000000001,4909.716666666667,9334.79,2102.31,3,1985-12-04,2016-02-07,14366.0,3344.0
918308026394,40063.39,4006.339,8063.24,0.0,10,1972-06-01,2011-06-26,19300.0,5031.0
918313346852,17371.95,4342.9875,9588.53,925.66,4,1973-09-10,2024-04-07,18834.0,362.0
918313993297,9526.32,2381.58,4930.61,202.48,4,1985-09-17,1992-12-12,14444.0,11801.0
918319821061,34048.93,5674.821666666667,9956.23,1286.99,6,1973-02-18,2007-06-29,19038.0,6489.0
918320207740,32070.85,3563.4277777777775,8544.08,141.73,9,1972-10-31,2021-11-11,19148.0,1240.0
918323646093,28228.02,5645.604,9299.14,3259.59,5,1993-03-12,2008-04-25,11711.0,6188.0
918324316421,28256.7,4036.671428571429,7385.06,379.93,7,1970-10-23,2016-10-14,19887.0,3094.0
918328608265,29013.699999999997,5802.74,8450.05,2862.81,5,1977-07-30,2015-06-07,17415.0,3589.0
918330421741,15301.769999999999,5100.589999999999,8903.96,441.95,3,1987-11-22,2008-07-06,13648.0,6116.0
918330497115,41892.05,5236.50625,9552.02,0.0,8,1975-04-17,2021-12-01,18250.0,1220.0
918333103372,34649.14,5774.856666666667,8958.55,1856.19,6,1975-11-10,2019-12-28,18043.0,1924.0
918336814230,26757.920000000002,3344.7400000000002,9811.35,912.49,8,1982-11-24,2019-08-26,15472.0,2048.0
918338877621,18313.98,4578.495,5584.7,2904.22,4,1990-04-06,2019-11-01,12782.0,1981.0
918343237444,28198.05,4699.675,8699.81,911.35,6,1974-09-24,2021-12-19,18455.0,1202.0
918343459102,36557.05,5222.435714285714,8152.98,464.16,7,1980-02-14,2011-01-24,16486.0,5184.0
918346582107,41657.100000000006,5207.137500000001,9990.93,1759.3,8,1979-01-25,2019-10-04,16871.0,2009.0
918353092123,19789.42,2827.06,7243.54,1374.12,7,1994-06-03,2014-01-23,11263.0,4089.0
918354238065,17608.05,4402.0125,5949.27,2631.4,4,1995-01-26,2023-08-29,11026.0,584.0
918357297588,28465.24,3162.8044444444445,7275.9,0.0,9,1970-09-26,2016-02-18,19914.0,3333.0
918362751242,20941.6,5235.4,9270.04,3464.6,4,1978-08-12,2013-04-06,17037.0,4381.0
918365845882,38857.64,5551.091428571429,9360.89,1801.83,7,1974-06-17,2019-09-19,18554.0,2024.0
918369305560,40715.31,4523.923333333333,9782.0,635.46,9,1978-08-08,2017-02-25,17041.0,2960.0
918371357111,38613.88,5516.268571428571,8963.2,698.11,7,1970-04-29,2017-09-15,20064.0,2758.0
918375509447,16758.63,3351.726,5592.42,417.44,5,1976-06-22,2023-05-18,17818.0,687.0
918376087131,33483.799999999996,5580.633333333332,9580.18,663.3,6,1973-06-17,2019-03-07,18919.0,2220.0
918377614706,19978.33,3995.666,7853.76,2398.75,5,1971-03-04,2025-03-21,19755.0,14.0
918377702111,20899.15,4179.83,7138.44,2335.19,5,1974-05-27,2019-06-23,18575.0,2112.0
918384006407,63903.97,6390.397,9074.11,2414.98,10,1987-02-14,2022-02-27,13929.0,1132.0
918396433758,42400.18,6057.168571428571,9546.97,0.0,7,1974-12-06,2014-03-07,18382.0,4046.0
918401022668,65347.53,6534.753,9864.08,1952.92,10,2004-01-20,2023-02-25,7745.0,769.0
918409329326,29419.06,4202.722857142858,9359.35,660.91,7,1980-12-04,2011-04-27,16192.0,5091.0
918410638666,22830.21,4566.0419999999995,8708.6,1223.13,5,1972-08-24,2020-12-26,19216.0,1560.0
918412985084,24963.04,3566.1485714285714,6669.0,698.96,7,1970-04-28,2023-06-27,20065.0,647.0
918414975110,24465.09,6116.2725,9967.78,0.0,4,1970-04-02,2005-05-26,20091.0,7253.0
918417377633,37514.14,5359.162857142857,9848.29,2192.86,7,1971-12-09,2010-07-24,19475.0,5368.0
918420256439,24433.45,4072.241666666667,8136.42,207.43,6,1973-05-05,2018-02-21,18962.0,2599.0
918422230882,12328.53,4109.51,9816.86,398.09,3,1981-10-11,2002-07-18,15881.0,8296.0
918426709025,17185.03,5728.343333333333,9698.2,430.23,3,1993-06-29,2001-06-11,11602.0,8698.0
918429027360,41505.42,4150.5419999999995,8404.28,1902.3,10,1973-12-21,2021-02-03,18732.0,1521.0
918429450217,47576.58,4757.658,9758.17,271.47,10,1970-08-31,2008-10-17,19940.0,6013.0
918445569788,17473.309999999998,3494.6619999999994,8493.09,0.0,5,1976-05-04,2023-03-11,17867.0,755.0
918449932632,40828.25,5103.53125,8317.38,1069.82,8,1973-07-11,2023-01-29,18895.0,796.0
918456903534,38009.14,4751.1425,7708.32,1152.61,8,1970-05-09,2009-06-26,20054.0,5761.0
918459880594,20054.42,3342.403333333333,7117.0,0.0,6,1990-03-06,2018-10-03,12813.0,2375.0
918468798461,39724.509999999995,4965.563749999999,9864.58,412.38,8,1975-05-13,2023-03-02,18224.0,764.0
918469444227,12105.09,4035.03,8274.91,0.0,3,1971-04-13,1996-11-05,19715.0,10377.0
918473382684,20449.579999999998,4089.9159999999997,8773.71,0.0,5,1987-09-14,2020-10-04,13717.0,1643.0
918476700066,45337.26,5037.473333333333,9382.78,2216.02,9,1973-04-20,2024-08-31,18977.0,216.0
918478286982,23765.93,3960.9883333333332,6928.38,314.53,6,1978-11-03,2021-09-27,16954.0,1285.0
918480235438,6572.73,2190.91,4744.23,0.0,3,1986-09-25,2010-03-13,14071.0,5501.0
918481146933,46160.119999999995,6594.302857142857,9409.51,2975.58,7,1970-01-11,2017-06-22,20172.0,2843.0
918482206102,26307.21,5261.442,7254.83,851.32,5,1980-12-29,2006-09-22,16167.0,6769.0
918484528348,43647.71,4364.771,9063.98,1366.62,10,1992-10-18,2021-06-14,11856.0,1390.0
918488796494,29025.35,3225.038888888889,8223.49,0.0,9,1970-03-01,1998-02-14,20123.0,9911.0
918490751945,22538.64,4507.728,8428.44,1248.37,5,1977-12-17,2012-07-15,17275.0,4646.0
918492495810,53305.24,5330.523999999999,9770.88,314.87,10,1990-03-14,2024-09-06,12805.0,210.0
918497762234,36264.93,3626.493,9223.19,553.83,10,1976-06-03,2019-09-29,17837.0,2014.0
918499200634,39261.9,4362.433333333333,9800.91,0.0,9,1970-03-17,2020-12-22,20107.0,1564.0
918508201018,19503.65,4875.9125,7792.8,0.0,4,1990-08-15,2024-09-06,12651.0,210.0
918511301900,7712.53,2570.8433333333332,4819.92,1043.34,3,2006-02-04,2006-02-04,6999.0,6999.0
918513971584,52062.12,5784.68,9327.14,3198.79,9,1974-03-19,2022-01-04,18644.0,1186.0
918515167269,8743.37,2914.456666666667,5253.39,786.44,3,1974-12-31,1986-08-08,18357.0,14119.0
918518848328,13375.34,3343.835,6935.46,730.54,4,1994-11-25,2015-12-11,11088.0,3402.0
918521300895,57597.76,6399.751111111112,9381.03,1572.85,9,1972-12-04,2020-10-02,19114.0,1645.0
918524521602,9202.81,2300.7025,4471.37,493.13,4,1973-12-18,2004-05-23,18735.0,7621.0
918527696207,38348.69,4793.58625,9414.44,382.88,8,1974-09-25,2024-05-08,18454.0,331.0
918527974623,24990.44,4165.073333333333,9051.88,0.0,6,1977-12-06,2015-07-23,17286.0,3543.0
918530876844,29707.519999999997,4243.931428571428,8679.8,1444.22,7,1988-03-16,2018-10-27,13533.0,2351.0
918532315957,39762.81,5680.401428571428,8764.16,1794.43,7,1970-06-15,2012-12-11,20017.0,4497.0
918547492192,21410.19,5352.5475,8451.15,2463.16,4,1982-10-04,1996-10-15,15523.0,10398.0
918558119733,56802.46,5680.246,9545.17,2385.66,10,1970-06-26,2019-03-12,20006.0,2215.0
918568106346,38175.27,4241.696666666667,9594.71,1192.86,9,1973-05-23,2025-01-19,18944.0,75.0
918587283948,34137.24,5689.54,9838.6,1182.97,6,1974-08-18,2015-06-01,18492.0,3595.0
918587822801,33179.68,4739.954285714286,9848.01,603.5,7,1970-12-14,2003-10-28,19835.0,7829.0
918588933132,37849.38,5407.0542857142855,9291.07,1907.92,7,1972-03-05,2016-01-14,19388.0,3368.0
918590772665,47025.14,5878.1425,9684.29,0.0,8,1983-02-14,2021-12-21,15390.0,1200.0
918592930364,30052.410000000003,5008.735000000001,9764.28,476.77,6,1972-12-10,2021-08-27,19108.0,1316.0
918605446007,41712.25,6952.041666666667,8558.69,4428.88,6,1970-05-26,2011-03-10,20037.0,5139.0
918607371597,7196.22,1199.3700000000001,3958.52,0.0,6,1976-09-01,2016-01-30,17747.0,3352.0
918609505739,33117.9,4731.128571428571,9469.03,326.07,7,1986-06-21,2021-05-15,14167.0,1420.0
918609592494,13782.02,2756.404,6390.42,0.0,5,1983-01-24,2022-07-18,15411.0,991.0
918615613239,38124.32,3812.432,8502.85,182.93,10,1970-09-07,2007-04-14,19933.0,6565.0
918620258967,25119.56,5023.912,8692.34,2478.36,5,1994-06-30,2006-09-08,11236.0,6783.0
918625862062,37407.99,4675.99875,9744.0,0.0,8,1971-09-15,2024-05-12,19560.0,327.0
918626278260,37734.54,6289.09,8184.34,2769.0,6,1978-07-19,2008-07-07,17061.0,6115.0
918631321682,16967.72,4241.93,6731.35,2217.99,4,2003-08-17,2008-04-17,7901.0,6196.0
918632445649,15565.3,5188.433333333333,8354.39,0.0,3,1998-03-08,2009-11-09,9889.0,5625.0
918633107545,30759.010000000002,4394.144285714286,8444.92,725.01,7,1970-11-12,2022-05-01,19867.0,1069.0
918641863774,41896.770000000004,6982.795000000001,9959.04,2749.19,6,1976-04-01,2022-05-18,17900.0,1052.0
918644019132,37886.12,5412.302857142858,8218.19,1829.16,7,1974-03-20,2022-12-06,18643.0,850.0
918646026315,39984.409999999996,4442.7122222222215,7841.92,303.19,9,1987-01-11,2013-07-24,13963.0,4272.0
918652992543,25427.08,4237.846666666667,9046.42,1376.21,6,2003-03-05,2022-07-06,8066.0,1003.0
918653582116,23140.69,2892.58625,6588.67,233.25,8,1978-06-12,2024-01-31,17098.0,429.0
918660345628,14895.18,2482.53,7082.07,0.0,6,1997-09-24,2023-05-29,10054.0,676.0
918660800029,13285.869999999999,3321.4674999999997,9417.74,551.9,4,1970-04-28,2022-04-30,20065.0,1070.0
918660933507,46362.3,5795.2875,9799.86,1824.3,8,1975-02-26,1993-07-21,18300.0,11580.0
918665691647,27398.4,5479.68,7750.88,1236.59,5,1974-11-05,2001-04-27,18413.0,8743.0
918667740351,39653.74,6608.956666666666,9599.04,3805.04,6,1992-12-10,2016-05-26,11803.0,3235.0
918668616333,9268.6,3089.5333333333333,5641.13,282.23,3,1980-02-01,2002-09-08,16499.0,8244.0
918672573305,27143.65,3877.664285714286,9846.78,0.0,7,1981-03-12,2024-03-14,16094.0,386.0
918674192109,58207.67,5820.767,9170.35,3138.52,10,1971-05-26,2017-09-17,19672.0,2756.0
918676013419,20773.33,5193.3325,9648.12,1538.4,4,1973-09-17,1987-07-03,18827.0,13790.0
918676802207,44362.11,5545.26375,9386.25,118.96,8,1972-05-05,2001-01-04,19327.0,8856.0
918682300615,17778.059999999998,5926.0199999999995,9447.46,4118.02,3,2007-05-27,2010-08-17,6522.0,5344.0
918684603688,23014.36,3835.726666666667,9180.31,885.57,6,1981-12-15,1997-11-02,15816.0,10015.0
918684745185,33161.99,3684.6655555555553,9077.5,104.04,9,1970-12-03,2018-10-15,19846.0,2363.0
918686949912,47019.32,5224.368888888889,9939.42,0.0,9,1974-05-25,2021-05-10,18577.0,1425.0
918698305085,49139.090000000004,5459.898888888889,8959.67,122.91,9,1971-04-27,2023-09-03,19701.0,579.0
918699690577,7828.5199999999995,2609.5066666666667,4784.19,1461.06,3,1979-06-28,1995-11-02,16717.0,10746.0
918706762540,13930.390000000001,3482.5975000000003,9029.08,143.64,4,1985-12-04,2024-04-14,14366.0,355.0
918719747078,35183.33,3518.333,8215.48,0.0,10,1986-10-26,2018-04-16,14040.0,2545.0
918721554031,24038.96,3434.137142857143,6099.9,0.0,7,1977-08-21,2014-12-21,17393.0,3757.0
918727210979,38557.04,4819.63,8627.2,797.06,8,1970-03-15,2024-08-12,20109.0,235.0
918730243887,21601.88,5400.47,8365.24,0.0,4,,,,
918739779525,27177.92,5435.584,9316.66,2570.35,5,1999-08-26,2015-04-27,9353.0,3630.0
918740542751,37602.62,6267.1033333333335,9596.66,1199.68,6,1970-07-15,2024-01-15,19987.0,445.0
918742548209,20094.59,6698.196666666667,9684.22,3438.06,3,1976-05-27,2022-01-07,17844.0,1183.0
918750835809,31107.190000000002,4443.884285714286,8577.08,1348.06,7,1970-04-30,2024-10-04,20063.0,182.0
918754415831,40901.85,4090.185,9899.2,0.0,10,1985-08-22,2019-12-26,14470.0,1926.0
918754811152,25187.49,6296.8725,9784.78,4743.67,4,1976-08-21,2005-07-16,17758.0,7202.0
918755022797,58762.46,5876.246,9993.4,0.0,10,1974-03-20,2022-09-04,18643.0,943.0
918755143093,38301.69,6383.615000000001,9232.38,3671.61,6,1984-06-15,2023-05-21,14903.0,684.0
918756056675,23755.64,3959.273333333333,9272.93,0.0,6,1971-09-25,2018-04-22,19550.0,2539.0
918767405445,18253.47,4563.3675,9444.22,1375.75,4,2013-11-30,2023-04-25,4143.0,710.0
918768624284,42806.67,5350.83375,7551.05,1260.93,8,1975-12-13,2024-12-12,18010.0,113.0
918769510048,68604.49,6860.4490000000005,9750.26,0.0,10,1977-03-31,2008-10-02,17536.0,6028.0
918770387920,20695.84,2956.5485714285714,6220.73,0.0,7,1971-03-20,2012-06-01,19739.0,4690.0
918774131811,28222.41,9407.47,9640.35,9210.23,3,2000-06-01,2000-06-01,9073.0,9073.0
918780475472,33309.97,4163.74625,7011.84,0.0,8,1970-11-26,2018-02-19,19853.0,2601.0
918781559918,29776.010000000002,3308.445555555556,6237.79,188.63,9,1975-03-24,2007-02-22,18274.0,6616.0
918794049663,29854.510000000002,3731.8137500000003,8917.96,0.0,8,1972-04-23,2002-10-14,19339.0,8208.0
918800940984,29360.629999999997,3670.0787499999997,8253.98,1004.83,8,1972-07-13,2024-08-23,19258.0,224.0
918806569935,21234.71,4246.942,6372.27,2424.58,5,1979-05-05,1993-08-25,16771.0,11545.0
918807773530,36918.03,3691.803,8726.57,0.0,10,1972-06-02,2024-11-01,19299.0,154.0
918812291645,20615.91,3435.985,7836.88,862.53,6,1976-10-01,2021-07-12,17717.0,1362.0
918812868150,34838.7,4976.957142857143,9287.06,0.0,7,1972-04-09,2024-12-12,19353.0,113.0
918814924004,16907.01,3381.4019999999996,9343.39,0.0,5,1975-01-20,1992-06-29,18337.0,11967.0
918815287619,23251.64,5812.91,9562.26,1426.88,4,1989-05-21,2022-08-29,13102.0,949.0
918819921250,21429.12,5357.28,6470.71,3461.17,4,1974-08-16,2022-11-21,18494.0,865.0
918822241896,35172.590000000004,3908.065555555556,9205.79,371.61,9,1976-09-03,2004-04-19,17745.0,7655.0
918831604672,31099.87,3455.541111111111,8619.26,752.4,9,1978-06-28,2011-06-24,17082.0,5033.0
918839145425,45223.36,6460.4800000000005,9671.66,3075.29,7,1991-05-21,2013-05-17,12372.0,4340.0
918841212515,25620.06,5124.012000000001,8174.02,428.45,5,1986-09-26,2014-03-03,14070.0,4050.0
918842036826,61808.909999999996,6180.891,9855.05,773.53,10,1980-04-07,2024-08-06,16433.0,241.0
918843867732,23541.47,5885.3675,9475.0,1831.26,4,1975-08-07,2010-08-28,18138.0,5333.0
918844242456,7063.92,2354.64,5079.84,413.65,3,1985-01-06,2019-04-27,14698.0,2169.0
918844794993,32378.82,8094.705,9457.16,6379.95,4,1998-02-05,2005-08-19,9920.0,7168.0
918845774616,35219.659999999996,3913.295555555555,9162.22,345.89,9,1974-12-04,2014-06-24,18384.0,3937.0
918850192297,43357.770000000004,7226.295000000001,9036.45,4307.11,6,1970-03-29,2016-09-11,20095.0,3127.0
918850521812,46259.62,7709.936666666667,9740.85,5048.45,6,1980-01-23,2000-07-12,16508.0,9032.0
918851230518,46041.17,6577.3099999999995,9223.15,2654.82,7,1974-12-27,2015-06-24,18361.0,3572.0
918852879124,37421.229999999996,5345.889999999999,9689.32,0.0,7,1973-06-25,2018-06-27,18911.0,2473.0
918855850145,53810.35,5978.927777777778,9724.05,0.0,9,1978-08-17,2011-03-29,17032.0,5120.0
918873068834,31588.98,4512.711428571429,7213.92,0.0,7,1984-06-14,2013-07-25,14904.0,4271.0
918877733629,24610.91,6152.7275,9966.21,1723.47,4,1975-03-12,2015-10-22,18286.0,3452.0
918879067453,35202.979999999996,7040.596,9960.18,3905.37,5,2006-12-30,2024-02-13,6670.0,416.0
918880640679,16968.63,4242.1575,8397.67,737.23,4,1997-08-10,2019-08-24,10099.0,2050.0
918881828165,11282.56,3760.853333333333,5678.11,0.0,3,2012-07-29,2014-07-18,4632.0,3913.0
918883394191,17700.4,5900.133333333334,8782.17,2070.92,3,2024-03-10,2024-03-10,390.0,390.0
918884873529,42964.95,5370.61875,8653.4,131.73,8,1970-11-23,2017-10-15,19856.0,2728.0
918887427412,33961.49,5660.248333333333,9632.99,974.7,6,1972-09-22,1996-11-19,19187.0,10363.0
918889775885,39080.72,3908.072,6927.48,0.0,10,1974-10-16,2024-11-07,18433.0,148.0
918894673596,27561.53,3937.3614285714284,8050.39,559.17,7,1994-06-25,2021-08-12,11241.0,1331.0
918895853722,28706.14,4784.356666666667,8252.31,1385.5,6,1975-06-09,2024-11-08,18197.0,147.0
918904956613,27952.47,3494.05875,5162.53,345.08,8,1970-04-05,2018-08-13,20088.0,2426.0
918908291293,18494.35,3082.3916666666664,7532.43,0.0,6,1989-06-17,2024-07-12,13075.0,266.0
918908934292,29148.03,4858.005,9682.66,1655.73,6,1973-12-31,2014-02-26,18722.0,4055.0
918909990149,30797.65,5132.941666666667,7615.8,3987.69,6,1979-05-09,2025-03-02,16767.0,33.0
918916892179,20997.67,6999.223333333332,9664.9,2568.22,3,2002-10-31,2011-06-17,8191.0,5040.0
918917568337,50570.54,6321.3175,9940.42,2369.52,8,1982-07-03,2024-09-03,15616.0,213.0
918921045865,33119.79,4731.398571428572,8053.32,609.76,7,1973-11-16,2022-09-11,18767.0,936.0
918921845810,12085.92,4028.64,6827.51,1215.42,3,1994-05-19,2018-02-23,11278.0,2597.0
918925697292,38606.53,5515.2185714285715,9219.64,0.0,7,1977-06-02,1999-09-19,17473.0,9329.0
918931997465,18187.27,4546.8175,7908.13,270.62,4,2002-10-30,2020-11-15,8192.0,1601.0
918932304514,19055.35,3811.0699999999997,6280.68,1467.7,5,1989-08-21,2017-04-08,13010.0,2918.0
918945486396,20830.75,5207.6875,8006.22,997.67,4,1990-08-18,2021-04-23,12648.0,1442.0
918947572742,49261.37,6157.67125,7938.32,3734.25,8,1977-07-04,2018-01-12,17441.0,2639.0
918949873860,35970.92,5138.702857142857,9032.26,1108.52,7,1988-02-25,2022-01-21,13553.0,1169.0
918957849462,35873.59,3985.954444444444,9167.42,613.09,9,1974-01-25,2024-04-30,18697.0,339.0
918961852565,6238.219999999999,1559.5549999999998,4392.28,0.0,4,1985-02-27,2006-08-25,14646.0,6797.0
918978819212,23070.41,3845.068333333333,6651.61,412.29,6,1979-04-28,2020-02-28,16778.0,1862.0
918980712298,37815.38,4201.708888888888,8778.69,143.88,9,1973-07-17,2024-05-25,18889.0,314.0
918982047218,33822.27,3758.0299999999997,9312.66,252.13,9,1974-08-01,2008-11-07,18509.0,5992.0
918985827033,9930.25,3310.0833333333335,7337.4,959.17,3,1977-11-10,2023-03-22,17312.0,744.0
918988918316,27429.61,3918.5157142857142,8086.72,0.0,7,1988-03-03,2016-02-19,13546.0,3332.0
918989849148,36988.96,4109.884444444444,6425.76,880.9,9,1975-04-01,2022-08-26,18266.0,952.0
918993068140,27498.04,3928.2914285714287,9059.41,0.0,7,1974-12-13,2024-08-16,18375.0,231.0
918994607170,39380.19,4375.576666666667,9451.77,0.0,9,1971-11-03,2014-06-20,19511.0,3941.0
918995384868,38018.57,3801.857,8968.73,149.32,10,1976-04-11,2015-12-08,17890.0,3405.0
918998961044,41098.97,4109.897,8154.87,1301.57,10,1981-11-19,2021-01-28,15842.0,1527.0
918999948589,50996.869999999995,6374.608749999999,9971.96,1833.7,8,1976-06-05,2011-12-07,17835.0,4867.0
919008714405,60647.5,6064.75,9978.03,0.0,10,1973-06-02,2022-01-25,18934.0,1165.0
919008885753,27195.300000000003,3399.4125000000004,7933.87,0.0,8,1980-09-15,2005-12-05,16272.0,7060.0
919011966884,35371.21,5053.03,9830.05,0.0,7,1970-09-26,2008-06-20,19914.0,6132.0
919012895123,47019.94,4701.994000000001,9941.47,0.0,10,1978-08-21,2024-12-14,17028.0,111.0
919020591489,27735.69,4622.615,8262.64,1223.83,6,1975-10-18,2024-06-21,18066.0,287.0
919025824435,40284.590000000004,5754.941428571429,8874.01,1106.62,7,1977-09-29,2025-01-14,17354.0,80.0
919026113008,30003.87,5000.6449999999995,5991.12,3660.01,6,1978-02-04,1996-03-13,17226.0,10614.0
919026816435,4596.12,1149.03,2370.69,103.0,4,1977-12-16,2019-01-07,17276.0,2279.0
919027526473,45974.33,4597.433,8517.52,0.0,10,1978-10-05,2023-02-01,16983.0,793.0
919031281545,28543.64,4757.2733333333335,9477.01,223.6,6,1974-10-05,2022-12-24,18444.0,832.0
919037270171,32716.64,4673.805714285714,9617.0,0.0,7,1980-10-26,2008-01-18,16231.0,6286.0
919044014286,31873.53,3984.19125,9645.66,0.0,8,1973-06-23,2020-02-22,18913.0,1868.0
919046713215,20140.06,6713.3533333333335,9306.2,2725.61,3,1981-04-13,2023-12-02,16062.0,489.0
919051129498,45908.86,4590.886,9707.09,876.14,10,1971-07-02,2010-10-22,19635.0,5278.0
919054124492,36561.94,3656.1940000000004,7441.64,462.54,10,1970-11-05,2020-09-06,19874.0,1671.0
919058672970,27626.170000000002,5525.234,9701.36,817.25,5,1978-02-19,2023-08-26,17211.0,587.0
919067919621,7597.860000000001,2532.6200000000003,5814.76,890.76,3,1978-12-21,2021-05-20,16906.0,1415.0
919070964768,23545.21,4709.0419999999995,9553.78,283.75,5,1978-08-19,1999-02-07,17030.0,9553.0
919071916904,49193.86,5465.984444444444,8585.32,2443.22,9,1976-06-04,2024-12-12,17836.0,113.0
919075280817,11985.6,2996.4,5777.87,0.0,4,2014-10-16,2024-09-24,3823.0,192.0
919078022953,57930.12,6436.68,9529.53,204.67,9,1977-05-27,2023-06-08,17479.0,666.0
919078580665,35199.83,3911.0922222222225,9151.18,0.0,9,1980-01-05,2020-12-26,16526.0,1560.0
919085540042,33854.91,4836.415714285715,6853.15,785.02,7,1978-01-13,2011-01-13,17248.0,5195.0
919091320992,36285.229999999996,4535.6537499999995,9249.73,0.0,8,1986-11-13,2023-08-25,14022.0,588.0
919096932037,25659.78,5131.956,7350.98,1510.76,5,1975-01-07,2012-08-20,18350.0,4610.0
919099072719,39203.4,5600.4857142857145,8945.69,3235.07,7,1981-06-17,2024-12-12,15997.0,113.0
919100940360,4751.360000000001,1583.7866666666669,3084.67,0.0,3,1979-04-21,2021-03-11,16785.0,1485.0
919102821948,22106.54,7368.846666666667,9171.29,4687.33,3,1978-04-04,2018-12-11,17167.0,2306.0
919110487082,61838.17,6183.817,8654.41,1867.49,10,1973-01-02,2017-09-27,19085.0,2746.0
919111406814,44306.18,5538.2725,8834.4,920.75,8,1989-09-01,2020-08-27,12999.0,1681.0
919121644055,14043.77,4681.256666666667,9005.22,0.0,3,1978-04-22,1980-11-28,17149.0,16198.0
919123357626,11023.23,3674.41,5793.03,1703.9,3,1971-08-10,2017-05-24,19596.0,2872.0
919123449625,56769.92,7096.24,9792.0,1620.29,8,1970-02-14,2015-08-12,20138.0,3523.0
919135973483,39859.18,3985.918,9853.31,117.76,10,1985-06-01,2018-07-16,14552.0,2454.0
919140133190,40354.71,4483.856666666667,9089.66,0.0,9,1973-05-26,2005-08-27,18941.0,7160.0
919146426435,12727.43,4242.4766666666665,6627.06,1355.66,3,1994-03-19,2009-05-28,11339.0,5790.0
919147935449,24939.719999999998,2493.9719999999998,6768.5,0.0,10,1971-06-06,2024-06-16,19661.0,292.0
919148094176,16563.11,4140.7775,5556.91,1090.04,4,1985-07-31,2001-12-26,14492.0,8500.0
919150801944,24875.77,4145.961666666667,9019.54,255.16,6,1971-03-18,2014-10-31,19741.0,3808.0
919155229266,22832.79,7610.93,8668.1,6598.74,3,1988-01-01,1988-01-01,13608.0,13608.0
919163749761,40630.33,4514.481111111111,9159.73,0.0,9,1970-02-03,2014-06-12,20149.0,3949.0
919168023631,25973.09,3710.441428571429,7356.96,1571.47,7,1970-05-22,2020-04-30,20041.0,1800.0
919170137258,40921.05,5845.864285714286,9938.26,1198.37,7,1979-05-07,2018-10-12,16769.0,2366.0
919177486462,27994.19,4665.698333333333,9929.11,178.17,6,1971-02-14,2017-10-27,19773.0,2716.0
919178659381,63089.61,7009.956666666667,9879.76,491.35,9,1978-08-26,2022-08-28,17023.0,950.0
919182437887,45169.380000000005,5018.820000000001,9680.11,717.36,9,1971-10-04,2020-04-01,19541.0,1829.0
919184181519,28333.67,5666.7339999999995,8867.47,1756.52,5,2003-09-17,2015-04-20,7870.0,3637.0
919186651306,27891.589999999997,3984.512857142857,5463.4,179.32,7,1974-05-30,2013-11-05,18572.0,4168.0
919197985262,49832.91,6229.11375,9854.52,1348.05,8,1970-09-01,2015-12-29,19939.0,3384.0
919198484273,36673.44,6112.240000000001,8942.94,2440.59,6,1970-03-28,2004-04-27,20096.0,7647.0
919203768294,37223.04,4135.893333333333,9085.91,0.0,9,1970-10-09,2010-09-11,19901.0,5319.0
919208399878,11269.39,3756.463333333333,9791.49,721.1,3,2008-10-11,2025-02-28,6019.0,35.0
919212203479,20875.82,4175.164,8521.68,1168.34,5,1977-01-23,2020-10-24,17603.0,1623.0
919213909354,27929.730000000003,3491.2162500000004,8299.19,348.5,8,1979-07-15,2018-04-26,16700.0,2535.0
919218981849,40744.05,5820.578571428572,9604.9,2415.54,7,1978-05-13,2018-07-11,17128.0,2459.0
919226113732,34184.0,4273.0,8797.15,1413.61,8,1990-12-14,2021-06-06,12530.0,1398.0
919231495430,40943.18,6823.863333333334,9519.7,4093.52,6,1987-01-21,2011-05-14,13953.0,5074.0
919241581669,20151.08,6717.026666666668,7443.17,5485.84,3,1980-06-12,2016-04-21,16367.0,3270.0
919243839315,19676.3,3279.383333333333,9038.88,0.0,6,1979-07-23,2021-10-18,16692.0,1264.0
919245179885,40877.66,5109.7075,9368.62,435.86,8,1981-10-29,2016-01-16,15863.0,3366.0
919245317068,57767.03999999999,6418.5599999999995,9975.61,2365.81,9,1970-07-25,2020-11-30,19977.0,1586.0
919250636259,24439.190000000002,4887.838000000001,6985.82,637.57,5,1973-03-28,2021-09-28,19000.0,1284.0
919261254352,53677.990000000005,5367.799000000001,9171.16,2096.37,10,1971-02-05,2010-02-21,19782.0,5521.0
919265068044,45620.32,5702.54,9620.37,606.91,8,1974-11-25,2024-02-22,18393.0,407.0
919270498955,32594.86,5432.4766666666665,9089.41,0.0,6,1978-11-14,2018-03-09,16943.0,2583.0
919275366252,15472.14,5157.38,8507.16,0.0,3,1988-03-06,2020-08-13,13543.0,1695.0
919278022672,10933.17,2733.2925,4350.86,529.44,4,1973-07-25,2020-11-19,18881.0,1597.0
919279182318,35282.42,3528.2419999999997,7930.1,0.0,10,1986-07-11,2017-04-27,14147.0,2899.0
919280739820,43696.479999999996,4855.164444444444,9359.84,1119.11,9,1974-01-21,2019-07-07,18701.0,2098.0
919288203651,16501.6,5500.533333333333,9925.6,0.0,3,1989-02-04,2007-02-19,13208.0,6619.0
919289204852,34472.67,5745.445,9411.66,1176.57,6,1976-07-01,2021-01-29,17809.0,1526.0
919290615870,14527.580000000002,3631.8950000000004,6786.06,1185.42,4,1977-12-10,1983-04-18,17282.0,15327.0
919295741120,27864.579999999998,6966.1449999999995,9659.47,2366.23,4,1973-05-15,2008-05-02,18952.0,6181.0
919308701294,33840.73,3760.0811111111116,9964.06,195.63,9,1970-08-12,2022-04-07,19959.0,1093.0
919317780148,35464.08,3546.4080000000004,7878.74,0.0,10,1970-10-27,2008-10-22,19883.0,6008.0
919319357265,27702.739999999998,4617.123333333333,6607.37,2461.22,6,1993-04-30,2007-09-26,11662.0,6400.0
919321377743,38466.92,4808.365,9045.86,951.3,8,1982-05-21,2016-05-18,15659.0,3243.0
919327059683,42600.24,5325.03,8167.36,747.35,8,1989-02-11,2022-05-20,13201.0,1050.0
919327598766,21111.329999999998,4222.266,8973.72,1612.94,5,1995-01-22,2014-08-01,11030.0,3899.0
919329446784,14849.880000000001,3712.4700000000003,9533.69,653.24,4,1971-08-12,1997-04-05,19594.0,10226.0
919340087993,24367.82,4873.564,8418.36,1795.4,5,1981-04-30,2023-10-13,16045.0,539.0
919340590688,26006.68,3250.835,6773.69,0.0,8,1974-08-29,2018-01-24,18481.0,2627.0
919344175247,41782.08,4642.453333333334,9429.35,630.42,9,1971-10-04,2015-12-30,19541.0,3383.0
919346285771,28290.27,2829.027,6977.35,0.0,10,1983-09-28,2020-03-21,15164.0,1840.0
919348039631,48694.42,5410.4911111111105,9606.85,1813.43,9,1975-07-19,2020-09-24,18157.0,1653.0
919349011298,29526.25,4218.035714285715,8287.72,929.36,7,1970-03-09,2019-03-16,20115.0,2211.0
919354046875,16590.47,5530.156666666667,9323.14,1516.61,3,1985-08-22,2016-08-27,14470.0,3142.0
919356238229,47336.0,4733.6,8986.63,110.06,10,1971-05-23,2024-08-26,19675.0,221.0
919366402219,46706.04,6672.291428571429,9202.82,3260.73,7,1977-12-29,2023-06-22,17263.0,652.0
919366780879,25212.579999999998,5042.516,8901.72,442.07,5,1970-12-06,2025-02-19,19843.0,44.0
919373835078,38420.96,4802.62,9075.83,257.05,8,1978-05-28,2020-03-26,17113.0,1835.0
919377683299,33855.979999999996,6771.195999999999,9551.56,3032.81,5,1981-05-25,2018-07-10,16020.0,2460.0
919378046814,21481.72,5370.43,9127.62,2175.14,4,1974-07-15,1985-06-27,18526.0,14526.0
919380225197,31003.760000000002,4429.108571428572,9073.48,0.0,7,1978-10-15,2008-09-10,16973.0,6050.0
919387056244,49976.95,4997.695,9133.8,833.12,10,1970-07-26,2024-09-21,19976.0,195.0
919387569514,19624.28,6541.426666666666,9343.27,4796.21,3,1997-08-22,2000-02-03,10087.0,9192.0
919394626443,51188.01,6398.50125,9457.9,808.85,8,1972-09-01,2016-09-25,19208.0,3113.0
919399371362,18766.9,4691.725,6857.06,220.19,4,1975-11-28,1984-03-16,18025.0,14994.0
919399425369,26795.69,4465.948333333333,8273.37,0.0,6,1994-02-21,2021-12-28,11365.0,1193.0
919409067573,27840.11,4640.018333333333,8300.08,1461.9,6,1980-06-16,2016-11-22,16363.0,3055.0
919409770698,28600.97,3575.12125,9126.0,0.0,8,1970-09-01,2019-10-10,19939.0,2003.0
919412775111,25911.55,4318.591666666666,8970.05,1190.18,6,1979-09-15,2023-07-09,16638.0,635.0
919414225544,42084.16,4676.017777777778,8522.4,519.58,9,1970-07-23,2023-03-30,19979.0,736.0
919417410681,47011.06,5876.3825,9965.73,885.09,8,1977-01-11,2025-02-03,17615.0,60.0
919418828570,20743.63,2963.3757142857144,7206.01,0.0,7,1976-08-06,2021-11-30,17773.0,1221.0
919419769846,37521.2,4169.022222222222,9529.15,0.0,9,1986-03-07,2020-08-11,14273.0,1697.0
919419786374,24406.95,4881.39,8910.29,1365.26,5,1974-03-22,2009-02-14,18641.0,5893.0
919422035846,38380.79,4797.59875,9640.5,0.0,8,1996-04-15,2017-06-16,10581.0,2849.0
919423939099,32675.71,5445.951666666667,9312.32,2366.58,6,1990-07-09,2015-10-27,12688.0,3447.0
919433149532,38671.61,4833.95125,9338.96,1073.97,8,1973-08-01,2004-03-29,18874.0,7676.0
919435488617,22597.66,4519.532,7722.28,425.16,5,1985-10-25,2024-11-07,14406.0,148.0
919438608304,14331.73,2866.346,8715.61,235.26,5,1970-06-06,2008-04-23,20026.0,6190.0
919440681022,35870.630000000005,5124.375714285715,9791.01,768.74,7,1980-02-17,2014-05-27,16483.0,3965.0
919441382168,27609.8,4601.633333333333,7783.53,0.0,6,1973-03-04,2018-03-08,19024.0,2584.0
919444542251,46421.68,4642.168,8446.03,0.0,10,1973-10-30,2019-05-29,18784.0,2137.0
919455872736,65140.84,6514.084,9685.97,1635.55,10,1974-12-20,2023-08-20,18368.0,593.0
919456109296,33263.54,6652.7080000000005,9786.45,0.0,5,1977-09-12,2007-08-11,17371.0,6446.0
919462603446,20151.800000000003,4030.3600000000006,9093.36,1010.44,5,2006-12-05,2010-10-30,6695.0,5270.0
919465675062,39970.630000000005,5710.090000000001,9905.07,326.54,7,1979-03-17,2022-11-17,16820.0,869.0
919468173213,27846.42,5569.284,8259.7,3851.26,5,2020-07-21,2021-12-16,1718.0,1205.0
919470591645,16590.26,4147.565,5729.66,2341.83,4,1989-10-01,2020-05-23,12969.0,1777.0
919471107346,9650.14,3216.713333333333,8799.81,324.11,3,1972-10-29,2011-10-22,19150.0,4913.0
919474816314,14781.97,4927.323333333333,8318.65,2177.61,3,1980-09-08,2000-05-12,16279.0,9093.0
919479722104,43217.22,4321.722,7146.63,760.72,10,1975-11-11,2019-07-03,18042.0,2102.0
919492483651,34452.99,5742.165,9875.32,1709.57,6,1979-02-18,2008-04-19,16847.0,6194.0
919492602049,34733.509999999995,4341.688749999999,9399.89,686.99,8,1979-01-03,2011-10-11,16893.0,4924.0
919498054328,15361.55,5120.516666666666,6387.44,3653.16,3,1981-05-17,2021-10-21,16028.0,1261.0
919521713809,17460.239999999998,5820.079999999999,8610.07,390.85,3,1992-06-04,2022-01-24,11992.0,1166.0
919524176919,40247.65,5030.95625,9912.1,0.0,8,1972-11-02,2024-07-16,19146.0,262.0
919524233168,49350.5,4935.05,9967.51,0.0,10,1970-04-28,2024-04-20,20065.0,349.0
919530988694,50395.1,5599.455555555555,8469.04,1136.61,9,1972-01-14,2024-01-16,19439.0,444.0
919531928910,3656.76,914.19,1847.01,369.72,4,1988-11-24,2012-04-07,13280.0,4745.0
919538382315,46756.1,6679.442857142857,9481.84,342.92,7,1972-09-25,2022-08-28,19184.0,950.0
919540085129,25908.94,4318.156666666667,7134.06,2245.1,6,1972-02-02,2021-02-25,19420.0,1499.0
919540388030,53183.22,5318.322,9441.7,0.0,10,1971-06-22,2023-08-22,19645.0,591.0
919546884199,16795.0,4198.75,8333.03,156.3,4,1985-04-30,2013-03-11,14584.0,4407.0
919551894263,43341.87,4815.763333333333,9020.52,1125.25,9,1973-07-30,2023-10-29,18876.0,523.0
919553738511,35088.07,4386.00875,9529.33,886.28,8,1974-01-15,2019-11-08,18707.0,1974.0
919556025499,27173.08,3396.635,8537.87,0.0,8,1977-09-16,2017-05-19,17367.0,2877.0
919559270786,16151.64,5383.88,8680.22,361.25,3,1973-02-22,2025-02-14,19034.0,49.0
919559557470,14360.93,4786.9766666666665,6989.41,2918.18,3,1982-07-19,2020-06-05,15600.0,1764.0
919564984187,37593.95,5370.564285714286,8091.61,1509.89,7,1972-08-28,2014-08-15,19212.0,3885.0
919565126577,39768.06,4971.0075,9188.23,1181.59,8,1978-10-10,2014-07-23,16978.0,3908.0
919577015837,28965.47,5793.094,9304.74,1990.14,5,1986-07-27,2013-12-17,14131.0,4126.0
919579265601,13816.94,4605.6466666666665,6814.65,961.52,3,1984-09-30,1984-09-30,14796.0,14796.0
919582467100,24634.17,4105.695,9839.06,0.0,6,1970-12-25,1991-02-22,19824.0,12460.0
919584796846,61132.75,6792.527777777777,9391.02,3813.29,9,1972-12-09,2024-12-28,19109.0,97.0
919587294825,51033.75,5670.416666666667,9799.14,1631.12,9,1977-02-13,2023-05-28,17582.0,677.0
919597485607,12276.73,4092.2433333333333,8094.84,2082.33,3,1972-04-07,1991-02-14,19355.0,12468.0
919597695521,41265.3,5158.1625,9587.01,146.9,8,1980-01-05,2025-01-15,16526.0,79.0
919603771733,15271.77,5090.59,9672.04,1111.7,3,1972-06-17,2022-07-26,19284.0,983.0
919604234700,21876.53,2734.56625,6441.71,0.0,8,1993-08-12,2019-02-11,11558.0,2244.0
919604432125,23874.47,3979.0783333333334,6550.33,1235.29,6,1977-05-06,2012-03-25,17500.0,4758.0
919605117440,62551.59,6255.159,9698.97,1040.09,10,1973-06-28,2004-05-08,18908.0,7636.0
919619998445,10923.75,3641.25,4673.39,2842.23,3,1971-11-16,1995-06-05,19498.0,10896.0
919631471321,20092.24,6697.413333333334,8929.28,4807.06,3,1980-09-06,2013-06-03,16281.0,4323.0
919631485960,22234.28,7411.426666666666,9244.56,6481.64,3,1997-01-31,1997-01-31,10290.0,10290.0
919635607734,27348.2,4558.033333333334,8972.58,739.33,6,1972-01-17,2024-07-06,19436.0,272.0
919638138040,24475.52,4895.104,9419.5,682.97,5,1974-08-31,2024-07-24,18479.0,254.0
919639119547,36562.13,3656.2129999999997,7405.95,0.0,10,1972-05-27,2004-10-17,19305.0,7474.0
919639130492,34658.95,6931.789999999999,8771.43,4550.37,5,1991-08-26,2014-03-01,12275.0,4052.0
919639960595,40478.990000000005,8095.798000000001,9368.37,5385.22,5,1972-08-18,2010-06-09,19222.0,5413.0
919642274789,33317.41,3331.7410000000004,6603.66,0.0,10,1973-11-27,2022-04-16,18756.0,1084.0
919643576871,40067.659999999996,4451.9622222222215,9117.81,608.18,9,1976-06-22,2017-04-12,17818.0,2914.0
919645120421,38439.03,4271.003333333333,9133.15,149.59,9,1971-01-16,2022-04-27,19802.0,1073.0
919652152841,30288.73,5048.121666666667,7585.39,2575.84,6,1972-12-22,2021-09-21,19096.0,1291.0
919655935832,20460.45,2922.921428571429,9863.62,0.0,7,1974-12-26,2024-03-30,18362.0,370.0
919656073292,13383.369999999999,3345.8424999999997,4615.07,2425.23,4,1977-10-31,1982-01-27,17322.0,15773.0
919656285641,48750.560000000005,5416.72888888889,8324.0,2406.68,9,1974-07-05,2006-08-05,18536.0,6817.0
919658304095,48117.03,6014.62875,9515.5,0.0,8,1973-06-14,2023-09-28,18922.0,554.0
919673457063,61056.25,6105.625,9476.17,1647.92,10,1973-10-08,2013-09-04,18806.0,4230.0
919673561638,28928.54,5785.7080000000005,8997.24,2435.91,5,1977-10-11,2022-02-10,17342.0,1149.0
919679172843,13658.46,3414.615,5740.74,0.0,4,1999-09-25,2024-12-31,9323.0,94.0
919682870880,37178.83,3717.8830000000003,7266.69,0.0,10,1979-11-27,2024-03-29,16565.0,371.0
919683935600,18840.510000000002,6280.170000000001,7606.56,4848.9,3,2006-08-17,2006-08-17,6805.0,6805.0
919690922160,54119.75,5411.975,8751.88,956.79,10,1977-01-30,2019-03-19,17596.0,2208.0
919691982799,27792.370000000003,3474.0462500000003,8466.35,0.0,8,1982-12-12,2019-12-26,15454.0,1926.0
919695133408,41794.270000000004,5224.2837500000005,8845.03,1299.79,8,1971-04-01,2014-01-01,19727.0,4111.0
919697010641,41877.99,5234.74875,9080.64,910.69,8,1983-03-04,2016-01-25,15372.0,3357.0
919698408854,29843.670000000002,3315.9633333333336,8487.37,0.0,9,1970-12-20,2021-09-18,19829.0,1294.0
919702856787,33270.229999999996,6654.045999999999,8703.39,4537.08,5,1985-03-02,2009-05-29,14643.0,5789.0
919704734739,44702.58,6386.082857142857,9099.48,0.0,7,1974-08-29,2006-02-08,18481.0,6995.0
919711126727,14911.560000000001,4970.52,8334.17,802.76,3,1982-12-21,1987-05-26,15445.0,13828.0
919713645169,46092.6,4609.26,9118.25,0.0,10,1987-07-25,2021-08-14,13768.0,1329.0
919716394243,49146.82,7020.9742857142855,9012.9,2464.44,7,1975-10-21,2023-11-29,18063.0,492.0
919717261214,40388.869999999995,5769.8385714285705,9771.68,0.0,7,2009-04-11,2025-03-09,5837.0,26.0
919719580124,20955.58,4191.116,7705.1,0.0,5,1978-02-17,2018-04-09,17213.0,2552.0
919719780110,30181.26,7545.315,8883.64,4341.71,4,1972-04-08,2020-01-25,19354.0,1896.0
919725777905,43824.84,5478.105,9388.29,0.0,8,1976-09-08,2018-10-30,17740.0,2348.0
919725874491,50776.69,5641.854444444445,9003.63,2776.49,9,1971-10-03,2021-04-23,19542.0,1442.0
919726547274,3783.81,1261.27,2252.08,251.44,3,1980-01-28,2001-07-15,16503.0,8664.0
919728183547,29296.489999999998,3662.0612499999997,7348.34,398.12,8,1973-03-26,2020-11-23,19002.0,1593.0
919729458718,35527.19,3552.719,9774.8,0.0,10,1972-03-16,2019-02-25,19377.0,2230.0
919731897202,28702.14,2870.214,7797.73,0.0,10,1982-03-27,2024-04-24,15714.0,345.0
919734111722,16616.79,2769.465,8622.6,0.0,6,1971-06-17,2015-04-20,19650.0,3637.0
919738686447,26964.6,5392.92,8428.38,1224.7,5,1990-04-16,2023-09-14,12772.0,568.0
919738848790,28100.4,7025.1,9421.51,5922.83,4,2006-04-18,2024-12-14,6926.0,111.0
919740268586,44612.4,6373.2,9997.91,273.49,7,1973-02-03,2025-02-23,19053.0,40.0
919748302739,26540.42,5308.084,8844.13,1086.41,5,1987-05-02,2007-05-16,13852.0,6533.0
919754619063,31177.33,7794.3325,9541.66,4780.68,4,1974-05-19,2000-06-13,18583.0,9061.0
919755937285,14313.869999999999,4771.29,8928.91,0.0,3,1977-09-25,1987-05-28,17358.0,13826.0
919758871860,14018.93,2803.786,4290.55,1774.59,5,1977-12-13,2024-01-10,17279.0,450.0
919768049371,8468.59,2822.8633333333332,5666.85,0.0,3,1982-02-16,1984-07-07,15753.0,14881.0
919776436931,37572.98,4696.6225,7202.58,0.0,8,1973-12-27,2024-05-30,18726.0,309.0
919778024983,41827.61,4647.512222222223,9006.18,744.32,9,1971-09-02,2005-08-22,19573.0,7165.0
919782352003,22615.010000000002,3769.1683333333335,6821.35,190.6,6,1983-12-13,2006-10-01,15088.0,6760.0
919789806435,42790.53,4754.503333333333,9952.77,0.0,9,1974-01-03,2023-01-10,18719.0,815.0
919791648448,23682.04,5920.51,9225.91,3878.41,4,1970-01-18,2024-10-03,20165.0,183.0
919792874364,34942.44,4367.805,9023.92,274.39,8,1971-01-24,2019-09-20,19794.0,2023.0
919793925798,12292.470000000001,4097.490000000001,5411.11,2506.55,3,2003-03-05,2017-05-03,8066.0,2893.0
919795386003,11616.51,2904.1275,5792.84,0.0,4,1977-04-13,2022-07-25,17523.0,984.0
919803162153,8740.15,2913.383333333333,6295.71,974.08,3,1992-02-18,1992-02-18,12099.0,12099.0
919805929053,45688.01,5076.445555555556,9590.75,0.0,9,1975-03-12,2025-04-03,18286.0,1.0
919808964060,57639.81,7204.97625,9839.95,2741.64,8,1970-11-29,2024-10-02,19850.0,184.0
919813635764,7493.35,2497.7833333333333,3169.72,1205.98,3,1971-04-28,1999-10-21,19700.0,9297.0
919821461211,46865.42,5207.268888888889,8667.75,510.91,9,1971-02-09,2016-06-07,19778.0,3223.0
919822997184,46697.41,5188.601111111111,8492.93,2421.13,9,1973-07-02,2003-05-27,18904.0,7983.0
919823754905,44307.39,4923.043333333333,9786.29,1464.03,9,1970-02-19,2012-07-28,20133.0,4633.0
919831882064,38454.5,6409.083333333333,8354.56,683.78,6,1976-07-03,2013-02-06,17807.0,4440.0
919833944737,29603.13,4933.8550000000005,7367.19,1196.22,6,1981-08-24,2006-04-19,15929.0,6925.0
919835521053,32883.59,4110.44875,9945.24,0.0,8,1979-05-18,2018-10-30,16758.0,2348.0
919840365022,45016.950000000004,5001.883333333334,9189.27,462.05,9,1975-08-05,2019-01-16,18140.0,2270.0
919841966874,21773.95,5443.4875,8793.44,0.0,4,1981-05-29,2021-02-17,16016.0,1507.0
919842438768,34287.84,5714.639999999999,8958.97,0.0,6,1970-04-03,2024-03-30,20090.0,370.0
919857413933,31299.04,5216.506666666667,8616.13,1856.81,6,1977-10-12,2022-12-28,17341.0,828.0
919859797024,50204.66,5020.466,9963.41,0.0,10,1973-07-29,2021-06-10,18877.0,1394.0
919861720326,36072.92,4509.115,9904.89,0.0,8,1975-08-30,2021-07-04,18115.0,1370.0
919863343401,20431.41,2918.772857142857,7943.85,389.98,7,1974-04-12,2014-06-14,18620.0,3947.0
919870349834,47845.95,4784.594999999999,8486.6,1326.48,10,1970-06-21,2020-03-04,20011.0,1857.0
919888749350,36104.630000000005,4513.078750000001,6681.94,2857.03,8,1974-07-02,2024-07-22,18539.0,256.0
919889642781,17710.440000000002,3542.0880000000006,6372.22,1459.45,5,1970-03-05,1987-08-28,20119.0,13734.0
919907135299,22252.98,3178.997142857143,7190.79,0.0,7,1980-09-02,2001-09-14,16285.0,8603.0
919909199720,48695.95,6086.99375,7661.64,1336.82,8,1975-06-24,2018-04-07,18182.0,2554.0
919910589015,21203.55,4240.71,8042.61,948.58,5,1990-10-01,2016-05-10,12604.0,3251.0
919911479401,49957.56,4995.755999999999,8482.77,0.0,10,1970-01-17,2017-01-19,20166.0,2997.0
919913689120,23367.420000000002,3894.57,6789.22,365.99,6,1980-09-02,2011-06-06,16285.0,5051.0
919918934263,39498.25,5642.607142857143,9704.98,1080.76,7,1984-04-17,2024-09-29,14962.0,187.0
919923396682,15675.16,5225.053333333333,7585.22,1009.22,3,1994-01-28,2000-03-25,11389.0,9141.0
919923635189,3549.1000000000004,1183.0333333333335,2170.63,0.0,3,1985-10-07,2005-07-22,14424.0,7196.0
919927323476,10660.029999999999,3553.343333333333,5203.83,1600.8,3,1985-09-01,2023-11-23,14460.0,498.0
919933804513,38138.0,3813.8,8053.42,1375.93,10,1975-04-13,2004-06-16,18254.0,7597.0
919934750046,15267.28,3053.456,6474.51,0.0,5,1979-07-03,2009-09-27,16712.0,5668.0
919938052866,34812.25,6962.45,9608.84,532.04,5,1977-07-22,2024-05-08,17423.0,331.0
919946081594,53420.62,5342.062,9356.11,1497.99,10,1990-12-11,2012-11-22,12533.0,4516.0
919947728706,77551.07,7755.107000000001,9932.0,5666.2,10,1975-09-02,2015-11-26,18112.0,3417.0
919953054324,22449.62,5612.405,9736.96,2964.73,4,1977-06-29,2016-02-02,17446.0,3349.0
919955360367,18944.550000000003,2706.3642857142863,9076.34,329.51,7,1980-11-07,2011-11-02,16219.0,4902.0
919959393557,43055.26,6150.751428571429,9093.87,3135.6,7,1973-03-31,2024-04-02,18997.0,367.0
919964710116,53731.87,5373.187,9928.57,0.0,10,1981-11-06,2025-01-03,15855.0,91.0
919970642689,52234.9,5223.49,8901.66,1568.31,10,1976-01-06,2018-02-23,17986.0,2597.0
919977310212,53315.97,5923.996666666667,9808.15,1457.44,9,1975-12-10,2019-01-06,18013.0,2280.0
919982828212,32556.920000000002,8139.2300000000005,9104.59,5407.61,4,1973-02-25,1996-07-09,19031.0,10496.0
919988427908,16885.0,5628.333333333333,9740.42,2409.97,3,1971-01-14,2022-02-04,19804.0,1155.0
919989487508,37696.0,4712.0,7277.28,2137.68,8,1975-01-10,2023-02-19,18347.0,775.0
919989540022,39850.0,5692.857142857143,9146.67,466.91,7,1970-03-03,2017-08-25,20121.0,2779.0
919990103355,32175.87,5362.6449999999995,9268.3,1443.02,6,1975-12-19,2017-05-19,18004.0,2877.0
